id,timestamp_utc,inspection_type,defects,inspection_score,severity_max,duration_minutes,video_file,report_generated,requires_cleaning,requires_repair,notes,qc_reviewed,tags,location_city,location_state,location_district,location_street,location_upstream_manhole,location_downstream_manhole,location_gps.lat,location_gps.lon,pipe_material,pipe_material_desc,pipe_diameter_in,pipe_length_ft,pipe_age_years,pipe_shape,pipe_install_year,pipe_slope_percent,conditions_weather,conditions_flow,conditions_debris_level,conditions_access_difficulty,equipment_type,equipment_model,equipment_camera_id,observations_roots,observations_grease,observations_debris,observations_corrosion,sensor_data_flow_rate_mgd,sensor_data_velocity_fps,sensor_data_depth_in,sensor_data_temperature_f,sensor_data_ph,sensor_data_dissolved_oxygen_ppm,sensor_data_turbidity_ntu,sensor_data_h2s_ppm,crew_inspector_id,crew_inspector_name,crew_crew_size,crew_contractor
insp_00000000,2020-07-22T16:16:18.077Z,Post-cleaning,[],100,0,42,VID_20200722_000000.mp4,False,False,False,,False,"['commercial', 'main-line']",Chicago,KS,District 14,Kreiger Villages,CB-35824N,JB-32191W,63.2001,-67.4698,DIP,Ductile Iron Pipe,18,228.0,37,Circular,1983,1.76,Overcast,Low,None,Moderate,Zoom Camera,Jacobs and Sons D8Z-1064,CAM497,None,None,Heavy,Heavy,11.26,2.1,34.5,79.5,7.7,4.1,59.8,0.0,INS617,Brandi Hirthe,4,Waters - Schaden
insp_00000001,2020-07-22T16:22:18.077Z,Emergency,[],100,0,41,VID_20200722_000001.mp4,True,False,False,,True,"['storm-water', 'residential', 'trunk']",Indianapolis,UT,District 12,Broadway Street,JB-5300E,IN-31997N,6.6431,-166.8047,VCP,Vitrified Clay Pipe,15,263.0,41,Circular,1979,1.48,Windy,Normal,Light,Moderate,Zoom Camera,Wisoky - Barton H3Q-7289,CAM956,None,None,None,None,7.13,2.9,8.3,68.6,7.8,5.3,40.4,12.2,INS368,Carole Kuphal,3,Municipal Crew
insp_00000002,2020-07-22T17:01:18.077Z,Emergency,"[{'code': 'DE', 'description': 'Deposits Settled', 'category': 'operational', 'distance_ft': 283.3, 'clock_start': 6, 'clock_end': 6, 'severity': 1, 'dimensions': {'length_in': None, 'width_in': 7, 'depth_in': 4.8}, 'photo_ref': 'IMG_e315b3de.jpg', 'video_timestamp_sec': 246}]",95,1,53,VID_20200722_000002.mp4,True,True,False,,True,['commercial'],San Francisco,VA,District 3,N Harrison Street,CB-2036B,IN-83555S,-48.5115,58.8499,CMP,Corrugated Metal Pipe,18,363.2,25,Egg,1995,2.3,Overcast,Surcharge,Heavy,Moderate,Lateral Launch Camera,"Quigley, Quigley and Streich EEZ-3090",CAM702,None,None,None,None,5.87,2.5,33.0,73.8,6.6,6.1,42.2,0.0,INS814,Garry Senger,3,"Pollich, Rempel and Bayer"
insp_00000003,2020-07-22T18:01:18.077Z,Warranty,"[{'code': 'FO', 'description': 'Grease/Fat/Oil', 'category': 'operational', 'distance_ft': 12.4, 'clock_start': 9, 'clock_end': 9, 'severity': 2, 'dimensions': {'length_in': None, 'width_in': 8, 'depth_in': 2.4}, 'photo_ref': 'IMG_8793b020.jpg', 'video_timestamp_sec': 11}, {'code': 'WL', 'description': 'Water Level', 'category': 'construction', 'distance_ft': 77.5, 'clock_start': 9, 'clock_end': 1, 'severity': 3, 'dimensions': {'length_in': 16.2, 'width_in': 1.5, 'depth_in': None}, 'photo_ref': 'IMG_1f76e3b6.jpg', 'video_timestamp_sec': 85}, {'code': 'FO', 'description': 'Grease/Fat/Oil', 'category': 'operational', 'distance_ft': 131.3, 'clock_start': 6, 'clock_end': 6, 'severity': 4, 'dimensions': {'length_in': None, 'width_in': None, 'depth_in': 2.2}, 'photo_ref': 'IMG_e8c0ca7a.jpg', 'video_timestamp_sec': 156}, {'code': 'GR', 'description': 'Grease', 'category': 'operational', 'distance_ft': 233.3, 'clock_start': 2, 'clock_end': 3, 'severity': 2, 'dimensions': {'length_in': 22.6, 'width_in': 2.8, 'depth_in': None}, 'photo_ref': 'IMG_4063ab4c.jpg', 'video_timestamp_sec': 194}, {'code': 'OJ', 'description': 'Open Joint', 'category': 'structural', 'distance_ft': 261.3, 'clock_start': 12, 'clock_end': 12, 'severity': 2, 'dimensions': {'length_in': 3.6, 'width_in': 2.7, 'depth_in': None}, 'photo_ref': None, 'video_timestamp_sec': 286}]",35,4,59,VID_20200722_000003.mp4,True,True,True,,True,"['interceptor', 'trunk', 'commercial']",Los Angeles,AR,District 15,Cummings Points,MH-39687S,CB-78379N,29.2767,-55.6166,PE,Polyethylene,21,273.4,88,Circular,1932,0.62,Rainy,Surcharge,None,Moderate,CCTV Crawler,Shields Group 6JT-1258,CAM376,None,Heavy,None,None,5.46,5.4,36.8,69.0,8.5,3.0,70.7,0.0,INS208,Lynda Gutkowski,4,Municipal Crew
insp_00000004,2020-07-22T18:55:18.077Z,Complaint,"[{'code': 'TI', 'description': 'Tap Intruding', 'category': 'construction', 'distance_ft': 11.6, 'clock_start': 12, 'clock_end': 5, 'severity': 4, 'dimensions': {'length_in': None, 'width_in': None, 'depth_in': None}, 'photo_ref': 'IMG_0d12b1bf.jpg', 'video_timestamp_sec': 13}, {'code': 'EF', 'description': 'Encrustation', 'category': 'operational', 'distance_ft': 45, 'clock_start': 1, 'clock_end': 1, 'severity': 3, 'dimensions': {'length_in': None, 'width_in': 8.5, 'depth_in': 3}, 'photo_ref': 'IMG_adb90bdc.jpg', 'video_timestamp_sec': 45}, {'code': 'TB', 'description': 'Tap Broken', 'category': 'construction', 'distance_ft': 271.5, 'clock_start': 12, 'clock_end': 12, 'severity': 3, 'dimensions': {'length_in': 13.8, 'width_in': 9, 'depth_in': 4.7}, 'photo_ref': 'IMG_aef49952.jpg', 'video_timestamp_sec': 318}, {'code': 'WL', 'description': 'Water Level', 'category': 'construction', 'distance_ft': 291.9, 'clock_start': 12, 'clock_end': 12, 'severity': 3, 'dimensions': {'length_in': 4.9, 'width_in': 9.2, 'depth_in': 5.7}, 'photo_ref': 'IMG_19c54b70.jpg', 'video_timestamp_sec': 304}]",35,4,16,VID_20200722_000004.mp4,True,False,True,Totus peccatus deleo conforto substantia utrimque viriliter aestus tollo patria.,True,"['industrial', 'interceptor', 'lateral']",New York,AR,District 1,Abshire Hill,MH-31289S,MH-36289,-79.6578,-113.5374,DIP,Ductile Iron Pipe,24,89.1,70,Egg,1950,2.32,Snow,Surcharge,None,Easy,Sonar Profiler,Huels - Wintheiser WJP-6066,CAM784,None,None,None,None,11.02,3.1,18.9,75.9,6.9,2.8,43.6,0.0,INS403,Regina Reynolds,3,Hills - Moore
insp_00000005,2020-07-22T19:40:18.077Z,Pre-cleaning,"[{'code': 'FO', 'description': 'Grease/Fat/Oil', 'category': 'operational', 'distance_ft': 168.9, 'clock_start': 10, 'clock_end': 4, 'severity': 1, 'dimensions': {'length_in': 15.8, 'width_in': 7.4, 'depth_in': 3.3}, 'photo_ref': 'IMG_5c99b0e2.jpg', 'video_timestamp_sec': 184}, {'code': 'I', 'description': 'Infiltration', 'category': 'structural', 'distance_ft': 171.5, 'clock_start': 5, 'clock_end': 5, 'severity': 4, 'dimensions': {'length_in': 18.5, 'width_in': 3.2, 'depth_in': None}, 'photo_ref': 'IMG_bfa199b7.jpg', 'video_timestamp_sec': 153}, {'code': 'TI', 'description': 'Tap Intruding', 'category': 'construction', 'distance_ft': 206.7, 'clock_start': 8, 'clock_end': 8, 'severity': 2, 'dimensions': {'length_in': None, 'width_in': None, 'depth_in': 0.8}, 'photo_ref': 'IMG_f0e784ed.jpg', 'video_timestamp_sec': 236}]",65,4,53,VID_20200722_000005.mp4,True,False,True,,True,['commercial'],Houston,WI,District 4,Dariana Lights,MH-55605,JB-79630N,-66.5231,94.7303,PP,Polypropylene,60,303.7,19,Box,2001,2.5,Overcast,High,Moderate,Easy,Sonar Profiler,Cummings LLC AWN-7726,CAM508,None,None,None,None,3.29,2.5,26.7,60.6,6.6,4.8,93.2,4.5,INS742,Beth Jenkins,4,Municipal Crew
insp_00000006,2020-07-22T20:17:18.077Z,Post-cleaning,"[{'code': 'TB', 'description': 'Tap Broken', 'category': 'construction', 'distance_ft': 63.9, 'clock_start': 3, 'clock_end': 3, 'severity': 4, 'dimensions': {'length_in': 19.9, 'width_in': 3.5, 'depth_in': 2}, 'photo_ref': 'IMG_fc7268d4.jpg', 'video_timestamp_sec': 54}, {'code': 'OJ', 'description': 'Open Joint', 'category': 'structural', 'distance_ft': 159.9, 'clock_start': 1, 'clock_end': 3, 'severity': 1, 'dimensions': {'length_in': 11.8, 'width_in': None, 'depth_in': None}, 'photo_ref': 'IMG_5bae2014.jpg', 'video_timestamp_sec': 169}, {'code': 'TL', 'description': 'Tap Leaking', 'category': 'construction', 'distance_ft': 185, 'clock_start': 2, 'clock_end': 2, 'severity': 5, 'dimensions': {'length_in': None, 'width_in': None, 'depth_in': None}, 'photo_ref': 'IMG_dc40ed42.jpg', 'video_timestamp_sec': 211}, {'code': 'CL', 'description': 'Longitudinal Crack', 'category': 'structural', 'distance_ft': 265.2, 'clock_start': 3, 'clock_end': 4, 'severity': 2, 'dimensions': {'length_in': None, 'width_in': 1.9, 'depth_in': None}, 'photo_ref': 'IMG_e4c9968f.jpg', 'video_timestamp_sec': 307}]",40,5,64,VID_20200722_000006.mp4,False,False,True,Inflammatio suffragium canto odio amaritudo.,True,"['main-line', 'commercial']",Houston,VA,District 19,E Union Street,MH-99735A,JB-7377B,17.6485,71.0251,HDPE,High-Density Polyethylene,30,333.5,70,Arch,1950,2.33,Drizzle,Normal,Moderate,Difficult,Zoom Camera,Gislason - Thiel FZS-3203,CAM926,None,Heavy,None,None,,,,,,,,,INS772,Penny Boyer,3,Aufderhar - Rath
insp_00000007,2020-07-22T20:51:18.077Z,Complaint,"[{'code': 'OS', 'description': 'Offset Joint', 'category': 'structural', 'distance_ft': 185.9, 'clock_start': 12, 'clock_end': 2, 'severity': 2, 'dimensions': {'length_in': None, 'width_in': 9.8, 'depth_in': None}, 'photo_ref': 'IMG_5af2bfa1.jpg', 'video_timestamp_sec': 181}, {'code': 'DA', 'description': 'Deposits Attached', 'category': 'operational', 'distance_ft': 222.6, 'clock_start': 10, 'clock_end': 1, 'severity': 2, 'dimensions': {'length_in': 9.2, 'width_in': None, 'depth_in': None}, 'photo_ref': 'IMG_2eee2da4.jpg', 'video_timestamp_sec': 226}, {'code': 'CC', 'description': 'Circumferential Crack', 'category': 'structural', 'distance_ft': 242.4, 'clock_start': 10, 'clock_end': 10, 'severity': 2, 'dimensions': {'length_in': 17.6, 'width_in': 11.6, 'depth_in': None}, 'photo_ref': 'IMG_b4675eb6.jpg', 'video_timestamp_sec': 232}, {'code': 'DE', 'description': 'Deposits Settled', 'category': 'operational', 'distance_ft': 290.6, 'clock_start': 7, 'clock_end': 9, 'severity': 2, 'dimensions': {'length_in': 16, 'width_in': 2.2, 'depth_in': 0.4}, 'photo_ref': 'IMG_04cf1798.jpg', 'video_timestamp_sec': 240}]",60,2,73,VID_20200722_000007.mp4,True,True,False,,False,"['high-priority', 'residential']",Chicago,TX,District 18,Altenwerth Forest,MH-12365B,MH-30414S,11.6654,155.1991,CMP,Corrugated Metal Pipe,12,394.5,29,Circular,1991,0.76,Windy,Low,Moderate,Difficult,Lateral Launch Camera,Bergstrom - Emmerich VPS-1739,CAM545,None,None,None,None,5.5,5.1,28.5,50.1,7.3,5.7,32.8,0.0,INS744,Dustin Kub,3,Municipal Crew
insp_00000008,2020-07-22T21:16:18.077Z,Warranty,[],100,0,16,VID_20200722_000008.mp4,True,True,False,,False,['residential'],Philadelphia,NJ,District 5,Queenie Inlet,CB-72252S,IN-1994,-0.6529,35.9232,RCP,Reinforced Concrete Pipe,54,94.5,19,Box,2001,1.65,Windy,Dry,Heavy,Easy,Lateral Launch Camera,"Schamberger, Jerde and Koch 8P2-9079",CAM800,None,None,None,None,3.29,3.0,31.5,63.8,6.5,6.9,13.2,16.6,INS624,Eunice Hickle,3,"Harber, Herman and Bogan"
insp_00000009,2020-07-22T22:02:18.077Z,Complaint,[],100,0,20,VID_20200722_000009.mp4,True,False,False,Vito suus benigne asper saepe vestigium.,True,['main-line'],Indianapolis,NE,District 10,Rau Keys,CB-18221E,JB-59208E,58.6924,50.2258,HDPE,High-Density Polyethylene,21,131.0,53,Arch,1967,1.23,Clear,High,Moderate,Moderate,Sonar Profiler,Little - Haley OLB-1267,CAM248,None,None,None,None,10.9,2.6,27.7,80.0,7.6,2.8,74.9,0.0,INS880,Ms. Julia Jenkins,4,Bahringer LLC
insp_00000010,2020-07-22T22:56:18.077Z,Complaint,"[{'code': 'WF', 'description': 'Weld Failure', 'category': 'construction', 'distance_ft': 256.6, 'clock_start': 4, 'clock_end': 4, 'severity': 2, 'dimensions': {'length_in': None, 'width_in': None, 'depth_in': None}, 'photo_ref': None, 'video_timestamp_sec': 293}]",90,2,49,VID_20200722_000010.mp4,False,False,False,Tactus terror tam voro vulpes allatus deleniti.,False,"['lateral', 'high-priority']",Philadelphia,NJ,District 10,Hawthorn Avenue,CB-79721A,IN-63197E,59.9072,-5.0733,PP,Polypropylene,72,311.3,81,Arch,1939,0.27,Drizzle,Surcharge,None,Moderate,Laser Profiler,Hilpert - Huels ML7-9556,CAM685,None,None,Heavy,None,12.91,3.0,40.7,56.6,8.2,6.8,69.6,0.0,INS683,Mr. Irvin Ward-Sipes,3,Municipal Crew
insp_00000011,2020-07-22T23:43:18.077Z,Warranty,[],100,0,39,VID_20200722_000011.mp4,True,False,False,,False,"['residential', 'commercial', 'lateral']",New York,RI,District 5,St George's Road,MH-98552,MH-88771S,75.5407,12.362,DIP,Ductile Iron Pipe,42,243.9,53,Circular,1967,2.37,Clear,High,Heavy,Moderate,Laser Profiler,"Harber, Kreiger and Heathcote UAJ-9243",CAM366,None,None,None,None,1.77,7.4,9.0,79.2,8.4,5.6,17.8,0.0,INS542,Mary Volkman,3,Glover - Larson
insp_00000012,2020-07-23T00:19:18.077Z,Post-cleaning,"[{'code': 'OB', 'description': 'Obstruction', 'category': 'operational', 'distance_ft': 2, 'clock_start': 7, 'clock_end': 12, 'severity': 4, 'dimensions': {'length_in': 14.6, 'width_in': 4.8, 'depth_in': None}, 'photo_ref': 'IMG_2e849c1b.jpg', 'video_timestamp_sec': 2}]",80,4,31,VID_20200723_000012.mp4,False,True,True,Cognatus amplitudo demum adicio.,True,"['storm-water', 'interceptor', 'main-line']",Dallas,NM,District 16,Luettgen Run,CB-96940E,IN-4914S,-21.8695,120.8567,PP,Polypropylene,12,130.5,98,Arch,1922,2.17,Clear,Surcharge,Light,Moderate,Laser Profiler,Cummerata - Ward XPY-5517,CAM602,Medium,Light,None,None,4.41,2.7,47.8,70.4,8.0,6.3,86.9,39.1,INS316,Bernard Hermann,3,Municipal Crew
insp_00000013,2020-07-23T00:59:18.077Z,Pre-cleaning,[],100,0,21,VID_20200723_000013.mp4,False,False,False,Officia odit tripudio animadverto vomito virtus.,True,"['interceptor', 'main-line']",San Francisco,IL,District 9,Dietrich Pass,IN-61188E,MH-39566E,-42.4354,43.5114,HDPE,High-Density Polyethylene,72,79.0,9,Box,2011,1.28,Windy,Surcharge,Light,Easy,Laser Profiler,"Heller, Stark and Dickinson U37-9048",CAM337,Medium,None,None,None,10.77,3.2,19.0,69.2,7.1,5.7,32.0,7.5,INS501,Jean Doyle,4,Municipal Crew
insp_00000014,2020-07-23T01:50:18.077Z,Emergency,"[{'code': 'OS', 'description': 'Offset Joint', 'category': 'structural', 'distance_ft': 48.9, 'clock_start': 4, 'clock_end': 5, 'severity': 2, 'dimensions': {'length_in': 22.8, 'width_in': 10.7, 'depth_in': None}, 'photo_ref': 'IMG_6f056db3.jpg', 'video_timestamp_sec': 42}, {'code': 'WL', 'description': 'Water Level', 'category': 'construction', 'distance_ft': 104.3, 'clock_start': 7, 'clock_end': 12, 'severity': 4, 'dimensions': {'length_in': 23.4, 'width_in': 4.4, 'depth_in': 5.4}, 'photo_ref': 'IMG_6c9f8c2a.jpg', 'video_timestamp_sec': 114}, {'code': 'GR', 'description': 'Grease', 'category': 'operational', 'distance_ft': 201.6, 'clock_start': 12, 'clock_end': 3, 'severity': 1, 'dimensions': {'length_in': 12.2, 'width_in': 4.2, 'depth_in': None}, 'photo_ref': 'IMG_42cd7e0e.jpg', 'video_timestamp_sec': 200}, {'code': 'TC', 'description': 'Tap Connection', 'category': 'construction', 'distance_ft': 273.4, 'clock_start': 8, 'clock_end': 9, 'severity': 2, 'dimensions': {'length_in': 0.9, 'width_in': 3.4, 'depth_in': None}, 'photo_ref': None, 'video_timestamp_sec': 289}, {'code': 'EF', 'description': 'Encrustation', 'category': 'operational', 'distance_ft': 280.3, 'clock_start': 7, 'clock_end': 7, 'severity': 4, 'dimensions': {'length_in': 1.7, 'width_in': 3.3, 'depth_in': None}, 'photo_ref': 'IMG_e13a8e4c.jpg', 'video_timestamp_sec': 260}]",35,4,73,VID_20200723_000014.mp4,True,True,True,,True,"['interceptor', 'high-priority']",San Francisco,WV,District 13,Kessler Burgs,MH-8411W,IN-66939N,-55.8767,150.8842,PVC,Polyvinyl Chloride,12,361.8,58,Box,1962,0.28,Overcast,High,Light,Moderate,Laser Profiler,Toy - Harvey C0N-3323,CAM820,None,None,None,None,11.88,5.9,23.4,70.6,7.8,5.7,26.8,0.0,INS298,Tyrone Thiel,2,O'Conner - Collier
insp_00000015,2020-07-23T02:49:18.077Z,Warranty,[],100,0,13,VID_20200723_000015.mp4,True,False,False,,True,"['industrial', 'residential']",Jacksonville,OR,District 12,Werner Falls,CB-2437W,CB-28914W,-48.1259,10.2695,RCP,Reinforced Concrete Pipe,18,93.1,12,Egg,2008,1.6,Foggy,Dry,Heavy,Easy,Zoom Camera,Littel - Gerlach MQI-3163,CAM993,Light,None,None,None,5.31,3.9,39.3,71.4,7.4,6.0,16.0,24.3,INS555,Kimberly Turner,2,Buckridge - Ward
insp_00000016,2020-07-23T02:57:18.077Z,Emergency,"[{'code': 'RD', 'description': 'Roots', 'category': 'operational', 'distance_ft': 46.2, 'clock_start': 2, 'clock_end': 2, 'severity': 4, 'dimensions': {'length_in': 6, 'width_in': 1.1, 'depth_in': None}, 'photo_ref': 'IMG_aa253498.jpg', 'video_timestamp_sec': 40}]",80,4,17,VID_20200723_000016.mp4,True,False,True,Adficio vehemens incidunt.,False,['trunk'],Chicago,VA,District 14,10th Street,JB-83393,JB-40269W,77.1778,162.7212,CMP,Corrugated Metal Pipe,15,101.2,75,Egg,1945,2.75,Foggy,High,Light,Easy,Push Camera,Stehr Inc SEM-9818,CAM983,None,None,None,Light,15.25,6.9,37.1,53.7,7.6,6.7,89.8,6.3,INS637,Charlotte Gutkowski,2,"Ortiz, Raynor and Gorczany"
insp_00000017,2020-07-23T03:03:18.077Z,Emergency,[],100,0,21,VID_20200723_000017.mp4,True,False,False,,True,"['high-priority', 'commercial']",Denver,KS,District 7,Jaida Summit,MH-63049,MH-80125S,9.672,-143.7089,PP,Polypropylene,42,149.5,49,Egg,1971,1.17,Drizzle,Dry,Light,Moderate,Sonar Profiler,"Vandervort, Schamberger and Ritchie WEK-6692",CAM475,Heavy,None,Medium,None,5.99,4.0,27.3,56.8,8.4,6.5,31.3,6.1,INS665,Rose Jones,2,Terry - Emmerich
insp_00000018,2020-07-23T03:58:18.077Z,Emergency,[],100,0,21,VID_20200723_000018.mp4,True,False,False,Amiculum cognatus trucido molestias occaecati tergo vorago tunc dolorum.,False,['interceptor'],Phoenix,MN,District 18,Grange Close,MH-26401E,MH-7879S,35.572,6.6537,PE,Polyethylene,21,100.1,13,Arch,2007,1.82,Windy,Dry,Heavy,Moderate,Zoom Camera,Sauer - Kuphal 99D-7536,CAM636,None,None,None,None,11.73,6.6,44.8,79.7,7.2,6.4,77.2,35.0,INS680,Tracey Gutmann,2,Haag Inc
insp_00000019,2020-07-23T04:26:18.077Z,Complaint,"[{'code': 'DE', 'description': 'Deposits Settled', 'category': 'operational', 'distance_ft': 74.9, 'clock_start': 4, 'clock_end': 4, 'severity': 4, 'dimensions': {'length_in': 16.6, 'width_in': None, 'depth_in': 0.3}, 'photo_ref': 'IMG_86057b44.jpg', 'video_timestamp_sec': 77}, {'code': 'RD', 'description': 'Roots', 'category': 'operational', 'distance_ft': 137.9, 'clock_start': 4, 'clock_end': 8, 'severity': 4, 'dimensions': {'length_in': 16.3, 'width_in': None, 'depth_in': None}, 'photo_ref': 'IMG_6fc99958.jpg', 'video_timestamp_sec': 157}, {'code': 'I', 'description': 'Infiltration', 'category': 'structural', 'distance_ft': 188.9, 'clock_start': 6, 'clock_end': 9, 'severity': 4, 'dimensions': {'length_in': None, 'width_in': 6.1, 'depth_in': 2.2}, 'photo_ref': 'IMG_447b6da6.jpg', 'video_timestamp_sec': 203}, {'code': 'DA', 'description': 'Deposits Attached', 'category': 'operational', 'distance_ft': 243.4, 'clock_start': 8, 'clock_end': 8, 'severity': 3, 'dimensions': {'length_in': 19.8, 'width_in': None, 'depth_in': None}, 'photo_ref': 'IMG_aba81686.jpg', 'video_timestamp_sec': 216}]",25,4,27,VID_20200723_000019.mp4,True,True,True,,True,['main-line'],San Jose,MD,District 15,Jefferson Street,MH-47448,IN-98439B,18.905,2.1159,HDPE,High-Density Polyethylene,36,139.3,64,Circular,1956,1.84,Foggy,Backflow,Light,Difficult,CCTV Crawler,Ratke LLC IIJ-5951,CAM719,None,None,None,None,8.05,4.2,37.1,53.2,8.1,4.1,84.3,8.1,INS287,Silvia Moore III,4,Shanahan - Lemke
insp_00000020,2020-07-23T04:57:18.077Z,Complaint,[],100,0,17,VID_20200723_000020.mp4,True,False,False,,True,['trunk'],Dallas,OR,District 4,Jones Center,IN-44349W,CB-95208N,-7.8848,-91.5484,GRP,Glass Reinforced Plastic,24,51.9,6,Arch,2014,1.85,Snow,High,Moderate,Moderate,Push Camera,"Huels, Thiel and Kuhlman 0OG-6768",CAM975,None,None,Medium,None,13.21,2.6,13.9,56.3,7.7,3.7,94.4,0.0,INS564,Kent Sporer,3,Municipal Crew
insp_00000021,2020-07-23T05:45:18.077Z,Pre-cleaning,"[{'code': 'OB', 'description': 'Obstruction', 'category': 'operational', 'distance_ft': 41.5, 'clock_start': 7, 'clock_end': 7, 'severity': 4, 'dimensions': {'length_in': 10.1, 'width_in': None, 'depth_in': 3}, 'photo_ref': None, 'video_timestamp_sec': 40}, {'code': 'EF', 'description': 'Encrustation', 'category': 'operational', 'distance_ft': 48.8, 'clock_start': 4, 'clock_end': 4, 'severity': 1, 'dimensions': {'length_in': 7.5, 'width_in': None, 'depth_in': None}, 'photo_ref': 'IMG_24feb853.jpg', 'video_timestamp_sec': 42}, {'code': 'RD', 'description': 'Roots', 'category': 'operational', 'distance_ft': 191.3, 'clock_start': 12, 'clock_end': 12, 'severity': 1, 'dimensions': {'length_in': 20.6, 'width_in': None, 'depth_in': None}, 'photo_ref': None, 'video_timestamp_sec': 216}]",70,4,37,VID_20200723_000021.mp4,True,False,True,,False,"['storm-water', 'lateral']",Denver,MO,District 8,Elouise Mountains,CB-70250S,JB-32966N,73.5634,124.2243,PVC,Polyvinyl Chloride,42,186.8,15,Box,2005,1.97,Overcast,Normal,Heavy,Easy,CCTV Crawler,Wilderman Group ONA-1247,CAM550,None,None,None,None,,,,,,,,,INS262,Audrey Hackett,2,Municipal Crew
insp_00000022,2020-07-23T05:55:18.077Z,Post-cleaning,[],100,0,26,VID_20200723_000022.mp4,True,False,False,,True,"['main-line', 'residential', 'industrial']",Columbus,SC,District 10,Kenyatta Centers,IN-92713E,IN-6612B,-54.1772,6.8774,RCP,Reinforced Concrete Pipe,48,195.8,89,Egg,1931,0.55,Rainy,Low,None,Easy,Push Camera,Oberbrunner and Sons TJQ-4156,CAM101,None,None,None,Heavy,2.24,2.3,33.7,64.8,6.8,4.0,71.7,0.0,INS858,Christian Thompson,3,Municipal Crew
insp_00000023,2020-07-23T06:17:18.077Z,Routine,[],100,0,35,VID_20200723_000023.mp4,True,False,False,,True,"['industrial', 'residential', 'high-priority']",Denver,AK,District 10,Feil Ridge,CB-84694A,MH-53191W,21.7193,146.8047,PE,Polyethylene,48,245.3,48,Egg,1972,0.7,Foggy,High,Light,Difficult,CCTV Crawler,"Upton, Kutch and Wuckert IKO-5295",CAM487,None,None,None,None,6.65,5.7,28.0,75.5,6.6,7.9,52.1,34.3,INS159,Guadalupe Emard,4,Schmidt - Strosin
insp_00000024,2020-07-23T06:36:18.077Z,Routine,[],100,0,31,VID_20200723_000024.mp4,True,False,False,Alii aegrotatio curiositas vulariter circumvenio tibi ait patruus.,False,"['commercial', 'storm-water', 'industrial']",Indianapolis,OK,District 19,Watsica Tunnel,IN-11578W,JB-57165E,-73.1574,167.5978,PE,Polyethylene,48,172.0,17,Egg,2003,2.09,Clear,Surcharge,Heavy,Moderate,Laser Profiler,"Schuppe, Bechtelar and Rau EBE-8031",CAM413,None,None,None,None,2.92,3.6,13.9,55.4,8.3,4.2,84.1,29.8,INS878,Josh Bernhard,4,Municipal Crew
insp_00000025,2020-07-23T07:29:18.077Z,Pre-cleaning,"[{'code': 'TI', 'description': 'Tap Intruding', 'category': 'construction', 'distance_ft': 50.4, 'clock_start': 9, 'clock_end': 9, 'severity': 3, 'dimensions': {'length_in': 21.4, 'width_in': 6.9, 'depth_in': None}, 'photo_ref': 'IMG_c0cc5bf9.jpg', 'video_timestamp_sec': 53}, {'code': 'EF', 'description': 'Encrustation', 'category': 'operational', 'distance_ft': 125.9, 'clock_start': 7, 'clock_end': 8, 'severity': 1, 'dimensions': {'length_in': 5, 'width_in': None, 'depth_in': None}, 'photo_ref': 'IMG_6ac5e12e.jpg', 'video_timestamp_sec': 146}, {'code': 'CL', 'description': 'Longitudinal Crack', 'category': 'structural', 'distance_ft': 247.1, 'clock_start': 2, 'clock_end': 2, 'severity': 2, 'dimensions': {'length_in': 8, 'width_in': 2.2, 'depth_in': None}, 'photo_ref': 'IMG_4dbbe37a.jpg', 'video_timestamp_sec': 216}]",70,3,39,VID_20200723_000025.mp4,False,False,False,,False,['trunk'],San Francisco,NM,District 13,White Plains,IN-44900A,MH-8611N,84.4743,-65.5594,PVC,Polyvinyl Chloride,72,218.3,100,Egg,1920,2.23,Drizzle,Dry,Heavy,Easy,Laser Profiler,Cole - Emard 7FK-5053,CAM561,None,None,Light,None,0.27,3.6,33.0,77.9,8.4,3.8,68.5,0.0,INS337,Ben Hayes MD,4,"Farrell, Erdman and Tillman"
insp_00000026,2020-07-23T08:07:18.077Z,Routine,[],100,0,57,VID_20200723_000026.mp4,False,True,False,,False,['trunk'],Charlotte,ME,District 2,Neil Oval,CB-64127A,IN-8249N,67.0468,-1.6357,DIP,Ductile Iron Pipe,42,318.1,39,Arch,1981,2.67,Foggy,High,None,Difficult,Push Camera,Barton and Sons NIR-2382,CAM152,None,None,None,Medium,,,,,,,,,INS203,Valerie Cormier,2,Municipal Crew
insp_00000027,2020-07-23T08:35:18.077Z,Pre-cleaning,"[{'code': 'CL', 'description': 'Longitudinal Crack', 'category': 'structural', 'distance_ft': 38, 'clock_start': 1, 'clock_end': 1, 'severity': 4, 'dimensions': {'length_in': None, 'width_in': 6.9, 'depth_in': 0.3}, 'photo_ref': None, 'video_timestamp_sec': 33}, {'code': 'TB', 'description': 'Tap Broken', 'category': 'construction', 'distance_ft': 120.8, 'clock_start': 9, 'clock_end': 9, 'severity': 4, 'dimensions': {'length_in': 4.9, 'width_in': 0.7, 'depth_in': 4.8}, 'photo_ref': 'IMG_8d113249.jpg', 'video_timestamp_sec': 103}, {'code': 'DE', 'description': 'Deposits Settled', 'category': 'operational', 'distance_ft': 171, 'clock_start': 6, 'clock_end': 6, 'severity': 1, 'dimensions': {'length_in': None, 'width_in': None, 'depth_in': None}, 'photo_ref': 'IMG_23e6f3df.jpg', 'video_timestamp_sec': 147}, {'code': 'OJ', 'description': 'Open Joint', 'category': 'structural', 'distance_ft': 215, 'clock_start': 8, 'clock_end': 8, 'severity': 2, 'dimensions': {'length_in': 15.2, 'width_in': None, 'depth_in': None}, 'photo_ref': 'IMG_057a8592.jpg', 'video_timestamp_sec': 188}, {'code': 'DE', 'description': 'Deposits Settled', 'category': 'operational', 'distance_ft': 256.6, 'clock_start': 3, 'clock_end': 3, 'severity': 4, 'dimensions': {'length_in': 7.8, 'width_in': 10.6, 'depth_in': None}, 'photo_ref': 'IMG_dfe1a940.jpg', 'video_timestamp_sec': 207}]",25,4,40,VID_20200723_000027.mp4,False,True,True,Auditor canto porro quibusdam cursim delibero impedit.,True,['industrial'],Washington,NE,District 11,Eli Glen,IN-22090W,MH-15090,5.0775,84.3297,HDPE,High-Density Polyethylene,8,196.3,72,Egg,1948,1.08,Rainy,Low,Light,Difficult,CCTV Crawler,"Denesik, Kilback and Hahn ITT-8804",CAM551,Medium,None,None,None,,,,,,,,,INS757,Roosevelt Raynor,3,Municipal Crew
insp_00000028,2020-07-23T08:52:18.077Z,Post-cleaning,"[{'code': 'EF', 'description': 'Encrustation', 'category': 'operational', 'distance_ft': 134.7, 'clock_start': 5, 'clock_end': 5, 'severity': 1, 'dimensions': {'length_in': 21.9, 'width_in': 1.5, 'depth_in': None}, 'photo_ref': 'IMG_4f319610.jpg', 'video_timestamp_sec': 158}, {'code': 'DA', 'description': 'Deposits Attached', 'category': 'operational', 'distance_ft': 136.3, 'clock_start': 10, 'clock_end': 10, 'severity': 3, 'dimensions': {'length_in': 12.6, 'width_in': None, 'depth_in': None}, 'photo_ref': 'IMG_28f27c51.jpg', 'video_timestamp_sec': 154}, {'code': 'FO', 'description': 'Grease/Fat/Oil', 'category': 'operational', 'distance_ft': 279.5, 'clock_start': 9, 'clock_end': 9, 'severity': 4, 'dimensions': {'length_in': 11.1, 'width_in': None, 'depth_in': None}, 'photo_ref': 'IMG_b03bbd6e.jpg', 'video_timestamp_sec': 243}]",60,4,42,VID_20200723_000028.mp4,False,True,True,,False,['lateral'],San Jose,NM,District 15,Grange Close,JB-10385S,CB-68348,9.1897,150.1821,CIPP,Cured-In-Place Pipe,54,213.6,57,Egg,1963,2.18,Foggy,High,Heavy,Easy,Push Camera,Doyle - Wuckert EE0-6908,CAM259,None,Medium,None,None,14.41,5.1,38.7,53.8,7.8,3.4,47.7,28.8,INS769,Rafael Hettinger,4,Beatty Inc
insp_00000029,2020-07-23T09:17:18.077Z,Post-cleaning,[],100,0,23,VID_20200723_000029.mp4,False,False,False,,True,"['interceptor', 'storm-water']",Columbus,NV,District 19,Americo Wall,JB-25492S,MH-72548B,-6.7889,44.8579,PP,Polypropylene,10,160.5,55,Box,1965,2.1,Drizzle,Dry,Light,Easy,Zoom Camera,"Gleichner, Lakin and Spencer 9IO-6360",CAM742,None,None,None,None,3.19,6.8,44.8,65.0,7.6,7.0,98.1,0.0,INS933,Wilma Huel,2,Municipal Crew
insp_00000030,2020-07-23T09:53:18.077Z,Warranty,[],100,0,37,VID_20200723_000030.mp4,True,False,False,Vetus alienus color totam via cicuta appello.,False,"['residential', 'industrial']",Seattle,CT,District 8,E Washington Avenue,JB-67780N,IN-16679B,-53.0408,39.879,VCP,Vitrified Clay Pipe,42,273.6,91,Circular,1929,1.76,Foggy,Surcharge,Light,Difficult,CCTV Crawler,"Schmeler, Dicki and Johns VV2-3669",CAM239,Medium,None,None,None,,,,,,,,,INS557,Billie Will,3,Municipal Crew
insp_00000031,2020-07-23T10:42:18.077Z,Post-cleaning,"[{'code': 'TB', 'description': 'Tap Broken', 'category': 'construction', 'distance_ft': 123.3, 'clock_start': 11, 'clock_end': 5, 'severity': 3, 'dimensions': {'length_in': None, 'width_in': None, 'depth_in': 2.1}, 'photo_ref': 'IMG_b1406f1f.jpg', 'video_timestamp_sec': 132}, {'code': 'B', 'description': 'Broken', 'category': 'structural', 'distance_ft': 177.8, 'clock_start': 1, 'clock_end': 5, 'severity': 2, 'dimensions': {'length_in': 13.4, 'width_in': None, 'depth_in': None}, 'photo_ref': None, 'video_timestamp_sec': 168}, {'code': 'H', 'description': 'Hole', 'category': 'structural', 'distance_ft': 219, 'clock_start': 4, 'clock_end': 4, 'severity': 2, 'dimensions': {'length_in': None, 'width_in': None, 'depth_in': None}, 'photo_ref': 'IMG_ee8e93dc.jpg', 'video_timestamp_sec': 184}]",65,3,28,VID_20200723_000031.mp4,True,True,False,,True,"['storm-water', 'residential']",Columbus,NH,District 17,Antwon Estate,IN-83785B,CB-52851,-50.5796,-165.2475,CMP,Corrugated Metal Pipe,54,181.5,34,Circular,1986,0.6,Clear,Dry,Heavy,Moderate,Push Camera,Turcotte - Kozey BYG-8646,CAM169,None,None,None,Heavy,5.58,5.9,42.2,77.6,8.0,5.9,45.2,14.3,INS198,Ginger Nienow IV,3,Municipal Crew
insp_00000032,2020-07-23T11:42:18.077Z,Emergency,"[{'code': 'H', 'description': 'Hole', 'category': 'structural', 'distance_ft': 20.9, 'clock_start': 7, 'clock_end': 9, 'severity': 1, 'dimensions': {'length_in': 13.3, 'width_in': 5.3, 'depth_in': 1.3}, 'photo_ref': 'IMG_10ac9188.jpg', 'video_timestamp_sec': 22}, {'code': 'B', 'description': 'Broken', 'category': 'structural', 'distance_ft': 71.3, 'clock_start': 12, 'clock_end': 2, 'severity': 4, 'dimensions': {'length_in': 22, 'width_in': 3, 'depth_in': None}, 'photo_ref': 'IMG_a8b64fe8.jpg', 'video_timestamp_sec': 60}]",75,4,19,VID_20200723_000032.mp4,True,False,True,Armarium absorbeo vitae.,True,['residential'],Chicago,PA,District 17,Fritsch Canyon,MH-16231E,CB-31226W,21.6279,-94.173,PP,Polypropylene,72,78.8,53,Circular,1967,1.4,Overcast,Backflow,None,Difficult,Push Camera,"Howe, Gulgowski and Bernier WND-4846",CAM259,None,None,None,None,8.14,5.2,23.1,59.5,8.1,5.0,82.4,0.0,INS342,Joan Krajcik,2,Municipal Crew
insp_00000033,2020-07-23T12:31:18.077Z,Routine,"[{'code': 'B', 'description': 'Broken', 'category': 'structural', 'distance_ft': 71.1, 'clock_start': 8, 'clock_end': 8, 'severity': 1, 'dimensions': {'length_in': None, 'width_in': None, 'depth_in': None}, 'photo_ref': None, 'video_timestamp_sec': 58}, {'code': 'TI', 'description': 'Tap Intruding', 'category': 'construction', 'distance_ft': 197.3, 'clock_start': 4, 'clock_end': 4, 'severity': 1, 'dimensions': {'length_in': 9.6, 'width_in': None, 'depth_in': 1.3}, 'photo_ref': 'IMG_c3606ba4.jpg', 'video_timestamp_sec': 175}, {'code': 'FM', 'description': 'Fracture Multiple', 'category': 'structural', 'distance_ft': 206.8, 'clock_start': 12, 'clock_end': 12, 'severity': 1, 'dimensions': {'length_in': 10.2, 'width_in': 11.5, 'depth_in': 3.4}, 'photo_ref': 'IMG_2d743237.jpg', 'video_timestamp_sec': 226}, {'code': 'TB', 'description': 'Tap Broken', 'category': 'construction', 'distance_ft': 277.8, 'clock_start': 8, 'clock_end': 10, 'severity': 2, 'dimensions': {'length_in': 16.2, 'width_in': 3, 'depth_in': None}, 'photo_ref': 'IMG_af6afd6d.jpg', 'video_timestamp_sec': 315}]",75,2,29,VID_20200723_000033.mp4,True,False,False,Adeptio delinquo undique.,True,"['trunk', 'commercial', 'lateral']",Seattle,NH,District 18,Schmitt Divide,MH-60662W,CB-77878A,-63.0906,-165.9487,PVC,Polyvinyl Chloride,10,149.6,48,Box,1972,2.02,Drizzle,Normal,Light,Easy,Push Camera,"Hilll, Streich and Lang DNO-5687",CAM175,Medium,None,None,None,,,,,,,,,INS275,Dixie Mayert,3,Zieme LLC
insp_00000034,2020-07-23T13:18:18.077Z,Pre-cleaning,"[{'code': 'OS', 'description': 'Offset Joint', 'category': 'structural', 'distance_ft': 32.7, 'clock_start': 11, 'clock_end': 4, 'severity': 1, 'dimensions': {'length_in': None, 'width_in': None, 'depth_in': None}, 'photo_ref': 'IMG_43eb0d81.jpg', 'video_timestamp_sec': 37}, {'code': 'TC', 'description': 'Tap Connection', 'category': 'construction', 'distance_ft': 71.3, 'clock_start': 1, 'clock_end': 1, 'severity': 4, 'dimensions': {'length_in': 23.2, 'width_in': None, 'depth_in': 4.1}, 'photo_ref': None, 'video_timestamp_sec': 59}, {'code': 'TL', 'description': 'Tap Leaking', 'category': 'construction', 'distance_ft': 112, 'clock_start': 12, 'clock_end': 6, 'severity': 3, 'dimensions': {'length_in': 9.3, 'width_in': 11.1, 'depth_in': None}, 'photo_ref': 'IMG_26c4adf0.jpg', 'video_timestamp_sec': 104}]",60,4,44,VID_20200723_000034.mp4,True,True,True,,True,"['high-priority', 'commercial', 'residential']",Indianapolis,WI,District 2,Enoch Course,JB-8646W,JB-63293B,76.1184,-0.2006,PE,Polyethylene,48,225.0,89,Egg,1931,2.24,Foggy,Dry,Heavy,Easy,Lateral Launch Camera,Beatty and Sons GYX-1554,CAM632,Heavy,None,None,None,12.31,4.6,17.2,66.1,8.5,3.2,58.0,0.0,INS712,Carol Ziemann,4,Effertz LLC
insp_00000035,2020-07-23T14:04:18.077Z,Pre-cleaning,[],100,0,11,VID_20200723_000035.mp4,True,False,False,,False,"['interceptor', 'trunk']",Denver,NE,District 12,Bradtke Forge,MH-44376A,JB-99022S,50.4364,14.0075,HDPE,High-Density Polyethylene,60,89.0,73,Circular,1947,1.49,Windy,Normal,None,Easy,Sonar Profiler,Bins - Bernhard AHZ-2508,CAM394,None,None,None,None,1.9,7.5,3.4,60.4,7.0,3.8,30.7,0.0,INS567,Sadie Dickens DVM,2,Reilly Inc
insp_00000036,2020-07-23T14:23:18.077Z,Warranty,"[{'code': 'FM', 'description': 'Fracture Multiple', 'category': 'structural', 'distance_ft': 2.3, 'clock_start': 2, 'clock_end': 8, 'severity': 1, 'dimensions': {'length_in': 10.9, 'width_in': None, 'depth_in': None}, 'photo_ref': None, 'video_timestamp_sec': 2}, {'code': 'TB', 'description': 'Tap Broken', 'category': 'construction', 'distance_ft': 18.4, 'clock_start': 12, 'clock_end': 2, 'severity': 4, 'dimensions': {'length_in': None, 'width_in': None, 'depth_in': None}, 'photo_ref': 'IMG_3d1534cc.jpg', 'video_timestamp_sec': 15}, {'code': 'WF', 'description': 'Weld Failure', 'category': 'construction', 'distance_ft': 198.7, 'clock_start': 1, 'clock_end': 1, 'severity': 3, 'dimensions': {'length_in': 19.1, 'width_in': 0.3, 'depth_in': 4.2}, 'photo_ref': None, 'video_timestamp_sec': 220}]",60,4,50,VID_20200723_000036.mp4,True,True,True,,True,['main-line'],Columbus,AK,District 5,Water Lane,IN-2539N,MH-16406A,67.6086,72.1448,VCP,Vitrified Clay Pipe,36,318.8,93,Circular,1927,1.68,Drizzle,Dry,Light,Easy,Lateral Launch Camera,"Kemmer, Murphy and Krajcik JVT-7049",CAM576,Light,None,None,None,4.92,3.1,24.2,74.2,8.2,2.2,47.0,0.0,INS396,Mr. Merle Hermiston,4,Grant Group
insp_00000037,2020-07-23T14:27:18.077Z,Post-cleaning,[],100,0,50,VID_20200723_000037.mp4,True,False,False,,True,"['lateral', 'storm-water', 'interceptor']",Seattle,IN,District 9,The Laurels,IN-6484N,CB-38272E,-8.2749,112.3343,VCP,Vitrified Clay Pipe,15,341.0,17,Box,2003,0.6,Overcast,Dry,Moderate,Moderate,Push Camera,"Swaniawski, Wolf and Baumbach RB9-2772",CAM315,None,None,None,None,,,,,,,,,INS192,Carolyn Langosh,3,Municipal Crew
insp_00000038,2020-07-23T14:51:18.077Z,Pre-cleaning,"[{'code': 'WF', 'description': 'Weld Failure', 'category': 'construction', 'distance_ft': 152.6, 'clock_start': 12, 'clock_end': 12, 'severity': 3, 'dimensions': {'length_in': None, 'width_in': None, 'depth_in': None}, 'photo_ref': None, 'video_timestamp_sec': 143}]",85,3,48,VID_20200723_000038.mp4,True,False,False,Baiulus officia laboriosam.,True,"['commercial', 'storm-water', 'high-priority']",Philadelphia,OK,District 17,Central Street,CB-7073N,JB-90731,-62.046,141.8318,PVC,Polyvinyl Chloride,21,339.3,74,Arch,1946,2.81,Overcast,Dry,None,Easy,CCTV Crawler,"Bernhard, Padberg and Dare WJW-4755",CAM368,None,None,None,None,4.11,3.6,29.2,52.2,6.9,3.1,21.7,36.1,INS241,Shane Jakubowski,3,Grant - Simonis
insp_00000039,2020-07-23T15:11:18.077Z,Warranty,"[{'code': 'DA', 'description': 'Deposits Attached', 'category': 'operational', 'distance_ft': 246.7, 'clock_start': 2, 'clock_end': 2, 'severity': 2, 'dimensions': {'length_in': None, 'width_in': 1.1, 'depth_in': None}, 'photo_ref': 'IMG_58bfce2c.jpg', 'video_timestamp_sec': 267}]",90,2,14,VID_20200723_000039.mp4,False,True,False,,False,['storm-water'],Dallas,WV,District 7,Odie Coves,CB-17674,CB-69629E,71.2296,-56.3932,CMP,Corrugated Metal Pipe,60,64.2,23,Arch,1997,0.4,Drizzle,Backflow,None,Easy,Pole Camera,Weissnat - Jacobi YCK-6643,CAM109,None,None,None,None,6.23,2.2,35.8,71.6,7.1,3.4,97.5,0.0,INS556,Lucas Jerde,4,Municipal Crew
insp_00000040,2020-07-23T15:47:18.077Z,Warranty,"[{'code': 'WF', 'description': 'Weld Failure', 'category': 'construction', 'distance_ft': 163.3, 'clock_start': 7, 'clock_end': 11, 'severity': 1, 'dimensions': {'length_in': 14.6, 'width_in': None, 'depth_in': 5.5}, 'photo_ref': 'IMG_ca85ac8c.jpg', 'video_timestamp_sec': 194}, {'code': 'WF', 'description': 'Weld Failure', 'category': 'construction', 'distance_ft': 257.9, 'clock_start': 7, 'clock_end': 7, 'severity': 2, 'dimensions': {'length_in': 9.4, 'width_in': 9.3, 'depth_in': None}, 'photo_ref': 'IMG_2a920e3d.jpg', 'video_timestamp_sec': 248}]",85,2,44,VID_20200723_000040.mp4,True,True,False,,False,"['industrial', 'storm-water']",San Francisco,MA,District 12,Broadway,IN-12857W,MH-11198E,-48.4744,28.4896,PP,Polypropylene,60,227.6,72,Egg,1948,0.33,Clear,High,Heavy,Easy,CCTV Crawler,"Reinger, Runolfsdottir and Hegmann AKO-2816",CAM703,None,None,Heavy,None,10.99,3.1,28.9,59.5,7.4,4.6,42.0,0.0,INS297,Miss Lynn Stiedemann,2,Cartwright - Runolfsdottir
insp_00000041,2020-07-23T16:13:18.077Z,Post-cleaning,"[{'code': 'TB', 'description': 'Tap Broken', 'category': 'construction', 'distance_ft': 34.7, 'clock_start': 2, 'clock_end': 3, 'severity': 3, 'dimensions': {'length_in': 3.9, 'width_in': 6.7, 'depth_in': 1}, 'photo_ref': None, 'video_timestamp_sec': 39}, {'code': 'DA', 'description': 'Deposits Attached', 'category': 'operational', 'distance_ft': 65.7, 'clock_start': 9, 'clock_end': 9, 'severity': 2, 'dimensions': {'length_in': None, 'width_in': 8.9, 'depth_in': None}, 'photo_ref': 'IMG_0b03487f.jpg', 'video_timestamp_sec': 70}, {'code': 'OB', 'description': 'Obstruction', 'category': 'operational', 'distance_ft': 150.1, 'clock_start': 6, 'clock_end': 7, 'severity': 2, 'dimensions': {'length_in': 19, 'width_in': 6.6, 'depth_in': None}, 'photo_ref': 'IMG_ebcfd2eb.jpg', 'video_timestamp_sec': 152}, {'code': 'DA', 'description': 'Deposits Attached', 'category': 'operational', 'distance_ft': 256.9, 'clock_start': 7, 'clock_end': 8, 'severity': 2, 'dimensions': {'length_in': None, 'width_in': None, 'depth_in': None}, 'photo_ref': 'IMG_36c8bb75.jpg', 'video_timestamp_sec': 306}]",55,3,63,VID_20200723_000041.mp4,True,True,False,,False,"['main-line', 'lateral']",Houston,DE,District 18,Kari Estate,IN-49090A,IN-6417B,81.9173,-45.4073,RCP,Reinforced Concrete Pipe,42,392.3,86,Box,1934,0.79,Foggy,Surcharge,Light,Moderate,Lateral Launch Camera,Casper - Beahan YML-8436,CAM115,None,None,None,None,10.5,3.6,44.6,75.7,8.3,7.7,23.5,0.0,INS617,Dr. Bryan Dach,2,"Price, Boehm and Towne"
insp_00000042,2020-07-23T16:49:18.077Z,Pre-cleaning,[],100,0,36,VID_20200723_000042.mp4,True,True,False,,True,"['lateral', 'industrial']",Columbus,RI,District 10,Conroy Course,MH-53245W,IN-91410B,12.2465,-75.8494,PP,Polypropylene,54,211.0,89,Circular,1931,2.0,Foggy,High,Heavy,Moderate,Zoom Camera,Howell - Williamson O9G-9401,CAM392,None,None,None,None,13.89,5.2,31.4,57.4,6.6,5.5,27.0,0.0,INS611,Miss Norma Purdy,2,"Monahan, Boyer and Goldner"
insp_00000043,2020-07-23T17:06:18.077Z,Complaint,[],100,0,36,VID_20200723_000043.mp4,True,False,False,,False,"['main-line', 'lateral', 'residential']",Columbus,NC,District 7,Church Hill,JB-86524,MH-5334B,26.5904,8.8872,PP,Polypropylene,48,273.5,22,Egg,1998,0.3,Rainy,Normal,Heavy,Easy,CCTV Crawler,Kiehn Group WOJ-9487,CAM429,None,Heavy,None,None,12.76,3.8,33.2,56.4,6.8,3.9,24.2,0.0,INS403,Angelica Altenwerth,3,Municipal Crew
insp_00000044,2020-07-23T17:16:18.077Z,Pre-cleaning,"[{'code': 'B', 'description': 'Broken', 'category': 'structural', 'distance_ft': 44.9, 'clock_start': 2, 'clock_end': 8, 'severity': 2, 'dimensions': {'length_in': 12.5, 'width_in': None, 'depth_in': 3.3}, 'photo_ref': 'IMG_5d943a4e.jpg', 'video_timestamp_sec': 49}, {'code': 'TI', 'description': 'Tap Intruding', 'category': 'construction', 'distance_ft': 203.3, 'clock_start': 8, 'clock_end': 8, 'severity': 1, 'dimensions': {'length_in': None, 'width_in': None, 'depth_in': 1.4}, 'photo_ref': None, 'video_timestamp_sec': 229}, {'code': 'TL', 'description': 'Tap Leaking', 'category': 'construction', 'distance_ft': 230.1, 'clock_start': 2, 'clock_end': 2, 'severity': 2, 'dimensions': {'length_in': 11.3, 'width_in': None, 'depth_in': None}, 'photo_ref': 'IMG_9de2cb9d.jpg', 'video_timestamp_sec': 224}, {'code': 'CL', 'description': 'Longitudinal Crack', 'category': 'structural', 'distance_ft': 275.2, 'clock_start': 11, 'clock_end': 5, 'severity': 4, 'dimensions': {'length_in': 4.8, 'width_in': None, 'depth_in': 0.2}, 'photo_ref': 'IMG_11733b05.jpg', 'video_timestamp_sec': 255}]",55,4,42,VID_20200723_000044.mp4,True,False,True,,True,['commercial'],Denver,VA,District 18,S College Street,IN-96915B,CB-20805,-16.0655,169.6522,RCP,Reinforced Concrete Pipe,24,209.2,35,Egg,1985,2.62,Clear,Dry,Moderate,Easy,CCTV Crawler,"Lemke, Quitzon and O'Conner NOE-5112",CAM292,None,Medium,None,Light,3.7,7.0,30.4,74.8,7.2,2.7,12.6,17.4,INS895,Hugo Herzog,4,"Borer, Halvorson and Abernathy"
insp_00000045,2020-07-23T17:56:18.077Z,Pre-cleaning,"[{'code': 'TB', 'description': 'Tap Broken', 'category': 'construction', 'distance_ft': 47, 'clock_start': 6, 'clock_end': 6, 'severity': 2, 'dimensions': {'length_in': None, 'width_in': 4.5, 'depth_in': 5.5}, 'photo_ref': None, 'video_timestamp_sec': 52}]",90,2,9,VID_20200723_000045.mp4,False,False,False,Abstergo crastinus alioqui.,False,"['main-line', 'interceptor']",New York,HI,District 9,Crist Drives,JB-47173E,JB-87102N,-8.9452,-78.7098,PVC,Polyvinyl Chloride,42,60.6,33,Circular,1987,0.99,Foggy,Backflow,Heavy,Easy,Pole Camera,"Schulist, Schowalter and Bernhard AED-1828",CAM602,Medium,None,None,None,10.16,5.0,37.7,69.2,6.5,2.8,67.9,25.6,INS153,Dr. John Crona,2,"Breitenberg, Tillman and Jenkins"
insp_00000046,2020-07-23T17:59:18.077Z,Emergency,[],100,0,37,VID_20200723_000046.mp4,True,False,False,Stips vulgivagus cursim sit contabesco crinis.,False,"['high-priority', 'trunk', 'interceptor']",New York,MI,District 1,Bartoletti Orchard,MH-23064,MH-28621B,-60.3275,32.5452,CIPP,Cured-In-Place Pipe,54,277.8,8,Arch,2012,1.12,Snow,Normal,Light,Moderate,CCTV Crawler,"Deckow, Windler and Funk FAC-9802",CAM505,Heavy,None,None,None,,,,,,,,,INS126,Ms. Georgia Kautzer,3,Buckridge Group
insp_00000047,2020-07-23T18:45:18.077Z,Routine,"[{'code': 'I', 'description': 'Infiltration', 'category': 'structural', 'distance_ft': 199.2, 'clock_start': 7, 'clock_end': 7, 'severity': 4, 'dimensions': {'length_in': 7.8, 'width_in': 10.4, 'depth_in': None}, 'photo_ref': 'IMG_69d30e92.jpg', 'video_timestamp_sec': 200}]",80,4,52,VID_20200723_000047.mp4,True,False,True,Blandior tutis celer comes deleo cedo universe umerus.,False,"['residential', 'interceptor']",Jacksonville,IN,District 1,Bartell Centers,IN-79620N,MH-6041E,-72.6342,-126.0157,CIPP,Cured-In-Place Pipe,18,316.5,95,Arch,1925,1.16,Overcast,Low,Moderate,Easy,Laser Profiler,Jacobson - Crona RY8-9570,CAM657,None,None,Light,None,4.36,2.0,7.2,69.4,7.1,3.8,47.9,0.0,INS363,Geneva Hamill,3,Municipal Crew
insp_00000048,2020-07-23T19:10:18.077Z,Pre-cleaning,"[{'code': 'CM', 'description': 'Multiple Cracks', 'category': 'structural', 'distance_ft': 65.5, 'clock_start': 4, 'clock_end': 4, 'severity': 3, 'dimensions': {'length_in': None, 'width_in': 11.7, 'depth_in': None}, 'photo_ref': 'IMG_677d2b7f.jpg', 'video_timestamp_sec': 56}, {'code': 'GR', 'description': 'Grease', 'category': 'operational', 'distance_ft': 292, 'clock_start': 5, 'clock_end': 5, 'severity': 3, 'dimensions': {'length_in': None, 'width_in': 2.3, 'depth_in': None}, 'photo_ref': 'IMG_d5fa71a5.jpg', 'video_timestamp_sec': 333}]",70,3,68,VID_20200723_000048.mp4,True,True,False,Tolero nobis caritas vulariter curatio.,False,"['trunk', 'lateral']",Indianapolis,IL,District 2,Jean Curve,MH-76078S,CB-66783W,-11.7624,-98.2482,RCP,Reinforced Concrete Pipe,54,384.7,42,Box,1978,2.97,Snow,Low,Heavy,Difficult,Laser Profiler,Deckow - Lang 9FH-3081,CAM462,None,None,Medium,Medium,14.46,2.3,11.4,55.8,8.4,7.2,22.7,0.0,INS100,Hattie Klocko,2,Municipal Crew
insp_00000049,2020-07-23T19:21:18.077Z,Post-cleaning,"[{'code': 'EF', 'description': 'Encrustation', 'category': 'operational', 'distance_ft': 14.8, 'clock_start': 6, 'clock_end': 6, 'severity': 3, 'dimensions': {'length_in': None, 'width_in': 6.9, 'depth_in': None}, 'photo_ref': 'IMG_b382175b.jpg', 'video_timestamp_sec': 16}, {'code': 'CM', 'description': 'Multiple Cracks', 'category': 'structural', 'distance_ft': 28.4, 'clock_start': 12, 'clock_end': 12, 'severity': 3, 'dimensions': {'length_in': 8.6, 'width_in': 6.8, 'depth_in': None}, 'photo_ref': 'IMG_94a97433.jpg', 'video_timestamp_sec': 31}, {'code': 'I', 'description': 'Infiltration', 'category': 'structural', 'distance_ft': 38.9, 'clock_start': 9, 'clock_end': 2, 'severity': 3, 'dimensions': {'length_in': 20.8, 'width_in': 7.7, 'depth_in': None}, 'photo_ref': 'IMG_3f83c8de.jpg', 'video_timestamp_sec': 32}]",55,3,18,VID_20200723_000049.mp4,True,False,False,,False,['storm-water'],Fort Worth,NY,District 17,Maynard Plain,IN-93447E,CB-1333B,42.2904,-153.4338,PVC,Polyvinyl Chloride,30,102.0,72,Egg,1948,2.87,Clear,Low,Moderate,Moderate,Laser Profiler,Thompson LLC A9N-1575,CAM574,None,None,Medium,None,13.23,3.9,33.8,68.2,7.2,4.3,30.0,0.0,INS359,Wilfred Mante-Hermiston,2,Municipal Crew
insp_00000050,2020-07-23T20:03:18.077Z,Complaint,"[{'code': 'TL', 'description': 'Tap Leaking', 'category': 'construction', 'distance_ft': 11.8, 'clock_start': 1, 'clock_end': 1, 'severity': 1, 'dimensions': {'length_in': 19.6, 'width_in': 3.9, 'depth_in': None}, 'photo_ref': 'IMG_66e2f3e9.jpg', 'video_timestamp_sec': 10}, {'code': 'CC', 'description': 'Circumferential Crack', 'category': 'structural', 'distance_ft': 157, 'clock_start': 3, 'clock_end': 3, 'severity': 2, 'dimensions': {'length_in': 11, 'width_in': 5.7, 'depth_in': 5.4}, 'photo_ref': 'IMG_bc8c78fd.jpg', 'video_timestamp_sec': 145}]",85,2,27,VID_20200723_000050.mp4,True,False,False,Verto testimonium capillus apto appositus delibero trucido.,True,"['residential', 'main-line']",Houston,ND,District 5,Predovic Junction,MH-75481A,MH-61413,-81.1297,-53.2722,VCP,Vitrified Clay Pipe,15,131.2,46,Arch,1974,1.19,Snow,Dry,Light,Moderate,CCTV Crawler,Grady - Prohaska KKE-3974,CAM375,None,None,None,None,4.77,4.4,23.8,73.5,7.0,2.5,15.2,35.2,INS733,Alexandra Walker,2,Stoltenberg LLC
insp_00000051,2020-07-23T20:56:18.077Z,Warranty,"[{'code': 'TI', 'description': 'Tap Intruding', 'category': 'construction', 'distance_ft': 53.3, 'clock_start': 7, 'clock_end': 7, 'severity': 2, 'dimensions': {'length_in': 14.6, 'width_in': None, 'depth_in': 0.1}, 'photo_ref': 'IMG_486efe73.jpg', 'video_timestamp_sec': 60}]",90,2,57,VID_20200723_000051.mp4,False,False,False,,False,"['storm-water', 'lateral']",New York,FL,District 17,Heloise Glen,CB-2165A,CB-48685N,-7.223,141.7524,CMP,Corrugated Metal Pipe,36,315.2,31,Arch,1989,1.46,Overcast,Normal,Heavy,Difficult,Push Camera,"Reilly, West and Macejkovic LWV-3261",CAM152,Medium,None,None,Medium,,,,,,,,,INS958,Javier Macejkovic,3,Breitenberg - Mante
insp_00000052,2020-07-23T21:36:18.077Z,Emergency,[],100,0,25,VID_20200723_000052.mp4,True,True,False,Quibusdam supplanto denique.,True,"['lateral', 'storm-water']",San Antonio,ME,District 4,Lenore Island,IN-76504W,JB-95339W,-49.5147,-45.0648,DIP,Ductile Iron Pipe,30,116.8,39,Egg,1981,2.17,Snow,Backflow,Heavy,Easy,CCTV Crawler,"Sipes, Huels and Crist OYE-2542",CAM856,None,None,None,None,10.31,6.4,25.4,55.4,7.3,2.2,30.6,33.7,INS590,Loretta Walsh,3,Municipal Crew
insp_00000053,2020-07-23T22:11:18.077Z,Emergency,[],100,0,21,VID_20200723_000053.mp4,True,False,False,,True,['residential'],San Diego,IN,District 1,E River Road,JB-53440S,JB-49596W,30.4921,128.6253,VCP,Vitrified Clay Pipe,48,139.1,77,Box,1943,1.78,Overcast,Low,Moderate,Moderate,Sonar Profiler,"Denesik, Shields and Balistreri RVR-6314",CAM230,None,None,Light,None,12.08,7.0,16.1,62.8,8.2,2.9,11.1,14.9,INS111,Lillie Schaden,2,"Davis, Stracke and Hyatt"
insp_00000054,2020-07-23T22:22:18.077Z,Pre-cleaning,[],100,0,41,VID_20200723_000054.mp4,True,False,False,,False,"['industrial', 'main-line', 'interceptor']",Seattle,AR,District 6,W Oak Street,CB-76559A,MH-33896,36.6784,-2.4103,PE,Polyethylene,21,265.9,36,Box,1984,1.6,Clear,Normal,None,Moderate,CCTV Crawler,Hodkiewicz - Rippin UPA-3238,CAM517,Medium,None,None,None,7.27,3.7,32.5,56.3,6.8,4.7,73.1,0.0,INS588,Sergio Gleichner,2,"Heller, Osinski and Orn"
insp_00000055,2020-07-23T22:50:18.077Z,Post-cleaning,[],100,0,14,VID_20200723_000055.mp4,True,False,False,,True,"['main-line', 'residential', 'trunk']",Fort Worth,MT,District 15,Cross Lane,CB-43502A,JB-79797S,-55.4426,74.795,CIPP,Cured-In-Place Pipe,8,123.5,41,Circular,1979,1.56,Foggy,High,Light,Moderate,CCTV Crawler,Davis and Sons JNK-8030,CAM838,None,None,Light,None,7.03,4.6,11.5,65.5,8.2,5.5,95.6,0.0,INS463,Dr. Linda Schaefer,3,Bauch - Weissnat
insp_00000056,2020-07-23T22:51:18.077Z,Complaint,[],100,0,49,VID_20200723_000056.mp4,False,False,False,,True,['residential'],Charlotte,MS,District 20,Ariane Camp,CB-4691N,MH-89752A,89.8288,-141.7632,CMP,Corrugated Metal Pipe,15,316.3,66,Box,1954,1.8,Rainy,Surcharge,None,Difficult,Laser Profiler,Predovic - Sauer NCJ-9959,CAM307,None,None,None,Heavy,5.45,4.9,39.3,64.7,7.9,4.9,10.6,0.0,INS745,Dean Sipes II,2,"Gutmann, Raynor and Towne"
insp_00000057,2020-07-23T23:09:18.077Z,Pre-cleaning,"[{'code': 'WL', 'description': 'Water Level', 'category': 'construction', 'distance_ft': 33.5, 'clock_start': 3, 'clock_end': 6, 'severity': 2, 'dimensions': {'length_in': 19.6, 'width_in': None, 'depth_in': None}, 'photo_ref': 'IMG_9f88fc98.jpg', 'video_timestamp_sec': 35}, {'code': 'AF', 'description': 'Animal/Insect', 'category': 'operational', 'distance_ft': 100.4, 'clock_start': 6, 'clock_end': 6, 'severity': 2, 'dimensions': {'length_in': None, 'width_in': None, 'depth_in': None}, 'photo_ref': 'IMG_5798f46a.jpg', 'video_timestamp_sec': 109}, {'code': 'TB', 'description': 'Tap Broken', 'category': 'construction', 'distance_ft': 221.1, 'clock_start': 7, 'clock_end': 7, 'severity': 1, 'dimensions': {'length_in': None, 'width_in': 9.2, 'depth_in': None}, 'photo_ref': 'IMG_38888c79.jpg', 'video_timestamp_sec': 196}, {'code': 'OS', 'description': 'Offset Joint', 'category': 'structural', 'distance_ft': 258.5, 'clock_start': 7, 'clock_end': 7, 'severity': 2, 'dimensions': {'length_in': 18, 'width_in': None, 'depth_in': None}, 'photo_ref': 'IMG_9b0e77cb.jpg', 'video_timestamp_sec': 293}]",65,2,29,VID_20200723_000057.mp4,True,False,False,,True,"['lateral', 'industrial']",Philadelphia,OH,District 12,McClure Shoal,JB-53131N,CB-38304B,-43.8548,153.1692,CMP,Corrugated Metal Pipe,30,83.1,45,Box,1975,0.95,Drizzle,Normal,Heavy,Moderate,Pole Camera,Leuschke - Glover CGO-6599,CAM818,Light,None,None,Light,9.72,5.4,37.6,72.9,7.6,4.2,80.2,0.0,INS699,Lindsey Kris,2,Municipal Crew
insp_00000058,2020-07-23T23:26:18.077Z,Emergency,[],100,0,22,VID_20200723_000058.mp4,True,False,False,,True,"['high-priority', 'residential']",San Diego,MO,District 13,Madisyn Cliffs,MH-39069,IN-6084W,-45.3112,46.3195,RCP,Reinforced Concrete Pipe,15,140.9,92,Arch,1928,0.63,Drizzle,High,Moderate,Easy,Push Camera,"Hilll, Ritchie and Hudson UJS-2101",CAM295,None,None,Heavy,Medium,2.87,3.4,43.8,55.4,7.6,7.3,58.0,6.1,INS544,Bradford Berge,4,Municipal Crew
insp_00000059,2020-07-23T23:54:18.077Z,Complaint,[],100,0,35,VID_20200723_000059.mp4,False,False,False,Alioqui omnis adflicto sulum charisma votum subseco angelus.,False,"['residential', 'trunk']",Seattle,NM,District 16,Susie Estate,MH-88194S,MH-96592W,-10.0258,37.5423,PE,Polyethylene,60,175.0,99,Circular,1921,0.55,Windy,Backflow,Heavy,Easy,CCTV Crawler,"Wolf, Zemlak and Nolan D08-1847",CAM492,None,None,None,None,12.86,6.3,40.3,61.7,8.5,6.5,31.4,0.0,INS291,Terrence Purdy,4,Municipal Crew
insp_00000060,2020-07-24T00:06:18.077Z,Warranty,[],100,0,38,VID_20200724_000060.mp4,True,True,False,,False,"['commercial', 'trunk', 'high-priority']",Dallas,MO,District 5,Fritz Vista,JB-98421W,MH-14344B,-2.0911,-60.186,RCP,Reinforced Concrete Pipe,8,206.0,60,Circular,1960,0.55,Snow,Backflow,Moderate,Moderate,Sonar Profiler,"Bauch, Treutel and O'Conner DCJ-5508",CAM158,None,None,None,Light,10.86,4.5,25.0,64.7,6.9,5.0,8.9,0.0,INS900,Guillermo Schultz,3,Municipal Crew
insp_00000061,2020-07-24T00:21:18.077Z,Emergency,"[{'code': 'TB', 'description': 'Tap Broken', 'category': 'construction', 'distance_ft': 46.2, 'clock_start': 10, 'clock_end': 10, 'severity': 2, 'dimensions': {'length_in': 23.5, 'width_in': 3.3, 'depth_in': None}, 'photo_ref': 'IMG_3e938cd1.jpg', 'video_timestamp_sec': 52}, {'code': 'EF', 'description': 'Encrustation', 'category': 'operational', 'distance_ft': 179.2, 'clock_start': 10, 'clock_end': 10, 'severity': 2, 'dimensions': {'length_in': None, 'width_in': 5.6, 'depth_in': None}, 'photo_ref': 'IMG_fa689d4e.jpg', 'video_timestamp_sec': 187}, {'code': 'EF', 'description': 'Encrustation', 'category': 'operational', 'distance_ft': 207.6, 'clock_start': 12, 'clock_end': 1, 'severity': 2, 'dimensions': {'length_in': 3, 'width_in': None, 'depth_in': None}, 'photo_ref': 'IMG_bebd0142.jpg', 'video_timestamp_sec': 209}, {'code': 'EF', 'description': 'Encrustation', 'category': 'operational', 'distance_ft': 276.9, 'clock_start': 10, 'clock_end': 10, 'severity': 3, 'dimensions': {'length_in': None, 'width_in': None, 'depth_in': None}, 'photo_ref': 'IMG_73662c41.jpg', 'video_timestamp_sec': 326}]",55,3,32,VID_20200724_000061.mp4,False,False,False,,False,"['trunk', 'interceptor']",Austin,CA,District 11,Myrtice Pike,IN-12450N,MH-56331N,15.2832,-55.8704,VCP,Vitrified Clay Pipe,54,101.9,75,Egg,1945,2.19,Drizzle,Backflow,None,Difficult,Zoom Camera,Wiza - Walker NFE-7683,CAM826,None,Heavy,None,None,8.45,3.7,5.6,55.0,8.2,4.2,65.7,0.0,INS572,Eva Bergnaum,2,Municipal Crew
insp_00000062,2020-07-24T01:04:18.077Z,Warranty,[],100,0,52,VID_20200724_000062.mp4,False,False,False,A demo desino arbitro confero theologus.,False,"['main-line', 'storm-water', 'commercial']",Austin,ND,District 17,Nellie Place,MH-94325S,IN-79261E,2.7761,-51.8267,RCP,Reinforced Concrete Pipe,21,298.1,26,Box,1994,2.1,Foggy,High,None,Easy,Sonar Profiler,"Haley, Weber and Nader 0TP-9901",CAM950,None,None,None,None,,,,,,,,,INS707,Troy Crist,2,Municipal Crew
insp_00000063,2020-07-24T01:42:18.077Z,Routine,[],100,0,39,VID_20200724_000063.mp4,True,False,False,,False,['lateral'],San Jose,TN,District 5,Cathy Corners,JB-37935A,JB-69660N,-63.3394,87.2149,PVC,Polyvinyl Chloride,21,262.6,28,Circular,1992,1.97,Overcast,Normal,None,Difficult,Push Camera,Runolfsson - Metz GPU-1692,CAM609,None,Medium,None,None,1.35,4.4,18.7,68.9,8.4,2.3,59.1,0.0,INS204,Mr. Gerard Bartell,3,Kling - Crona
insp_00000064,2020-07-24T02:04:18.077Z,Warranty,[],100,0,31,VID_20200724_000064.mp4,False,False,False,,False,"['storm-water', 'trunk']",San Antonio,IN,District 2,Wilfredo Estates,MH-33841N,IN-94161A,74.5745,-15.6007,HDPE,High-Density Polyethylene,48,204.4,16,Box,2004,2.75,Rainy,Normal,Heavy,Moderate,Lateral Launch Camera,Streich - Balistreri 9KA-4825,CAM607,None,None,None,None,,,,,,,,,INS916,Dr. Willard Wunsch,2,Municipal Crew
insp_00000065,2020-07-24T02:48:18.077Z,Emergency,"[{'code': 'TC', 'description': 'Tap Connection', 'category': 'construction', 'distance_ft': 33.8, 'clock_start': 5, 'clock_end': 5, 'severity': 3, 'dimensions': {'length_in': 22.9, 'width_in': None, 'depth_in': None}, 'photo_ref': 'IMG_d6e3782f.jpg', 'video_timestamp_sec': 36}, {'code': 'WL', 'description': 'Water Level', 'category': 'construction', 'distance_ft': 72.9, 'clock_start': 11, 'clock_end': 11, 'severity': 1, 'dimensions': {'length_in': 6.5, 'width_in': None, 'depth_in': None}, 'photo_ref': 'IMG_8bf28ff9.jpg', 'video_timestamp_sec': 82}, {'code': 'CM', 'description': 'Multiple Cracks', 'category': 'structural', 'distance_ft': 284.6, 'clock_start': 10, 'clock_end': 10, 'severity': 2, 'dimensions': {'length_in': 17.4, 'width_in': 11.3, 'depth_in': None}, 'photo_ref': 'IMG_4285df7c.jpg', 'video_timestamp_sec': 288}]",70,3,43,VID_20200724_000065.mp4,True,True,False,,False,"['industrial', 'interceptor', 'lateral']",Chicago,NV,District 9,S Pine Street,JB-52974W,MH-74983N,80.243,62.8452,PP,Polypropylene,72,228.7,95,Box,1925,1.73,Snow,Dry,Moderate,Easy,CCTV Crawler,"VonRueden, Christiansen and Renner TCY-8800",CAM189,None,None,Light,None,,,,,,,,,INS788,Katie Nader,2,Municipal Crew
insp_00000066,2020-07-24T02:52:18.077Z,Warranty,"[{'code': 'WF', 'description': 'Weld Failure', 'category': 'construction', 'distance_ft': 20.5, 'clock_start': 5, 'clock_end': 5, 'severity': 2, 'dimensions': {'length_in': 15, 'width_in': 6.7, 'depth_in': None}, 'photo_ref': 'IMG_466acf77.jpg', 'video_timestamp_sec': 21}, {'code': 'EF', 'description': 'Encrustation', 'category': 'operational', 'distance_ft': 76, 'clock_start': 5, 'clock_end': 7, 'severity': 1, 'dimensions': {'length_in': None, 'width_in': None, 'depth_in': None}, 'photo_ref': None, 'video_timestamp_sec': 83}]",85,2,33,VID_20200724_000066.mp4,False,False,False,Cupio molestias attollo.,False,"['residential', 'interceptor', 'lateral']",San Antonio,IN,District 4,Shanahan Stravenue,CB-18967B,JB-79613A,-39.5028,17.663,DIP,Ductile Iron Pipe,12,205.3,62,Arch,1958,2.12,Overcast,Backflow,None,Moderate,Zoom Camera,"Cruickshank, Konopelski and Lubowitz 1IW-2334",CAM437,None,None,None,Light,9.18,2.6,38.7,67.5,7.0,7.8,16.0,0.0,INS877,Betsy Spinka Sr.,4,Municipal Crew
insp_00000067,2020-07-24T03:36:18.077Z,Complaint,[],100,0,20,VID_20200724_000067.mp4,False,False,False,Suscipit ascit decet officia tego umerus.,False,"['residential', 'commercial']",Houston,VT,District 14,E 5th Street,JB-73348,MH-13382A,14.4355,-78.3069,PP,Polypropylene,54,154.7,97,Circular,1923,0.57,Snow,High,Moderate,Difficult,Sonar Profiler,"Hoeger, Sipes and Stamm M4L-7042",CAM693,None,None,None,None,3.22,7.1,37.9,58.9,7.3,5.0,14.3,4.8,INS120,Ms. Lucy Rodriguez,2,Municipal Crew
insp_00000068,2020-07-24T04:21:18.077Z,Emergency,[],100,0,54,VID_20200724_000068.mp4,True,False,False,Contra crux compono nam verto terror vobis.,True,['industrial'],Denver,MA,District 17,Hardy Keys,CB-75666B,JB-21337N,19.3938,105.6886,DIP,Ductile Iron Pipe,10,373.8,13,Circular,2007,2.15,Overcast,High,Heavy,Moderate,Sonar Profiler,Carroll and Sons WGS-4271,CAM661,None,None,None,None,,,,,,,,,INS897,Norma Schmitt,2,"Sawayn, Dibbert and Goodwin"
insp_00000069,2020-07-24T04:42:18.077Z,Complaint,"[{'code': 'RD', 'description': 'Roots', 'category': 'operational', 'distance_ft': 116, 'clock_start': 6, 'clock_end': 6, 'severity': 4, 'dimensions': {'length_in': 19.1, 'width_in': None, 'depth_in': 5.5}, 'photo_ref': 'IMG_aec58a98.jpg', 'video_timestamp_sec': 127}, {'code': 'TC', 'description': 'Tap Connection', 'category': 'construction', 'distance_ft': 136, 'clock_start': 10, 'clock_end': 10, 'severity': 2, 'dimensions': {'length_in': 4.8, 'width_in': None, 'depth_in': None}, 'photo_ref': 'IMG_214749a2.jpg', 'video_timestamp_sec': 119}]",70,4,21,VID_20200724_000069.mp4,True,False,True,,False,['industrial'],Jacksonville,MI,District 3,Macejkovic Ridges,CB-20365B,CB-12007E,-36.175,100.9739,VCP,Vitrified Clay Pipe,8,126.7,52,Arch,1968,2.88,Windy,Backflow,None,Easy,Laser Profiler,Farrell and Sons 53S-3387,CAM558,Light,None,Light,None,2.93,6.2,8.6,77.7,8.4,5.1,84.9,0.0,INS684,Hector Friesen,4,Cassin - O'Keefe
insp_00000070,2020-07-24T05:31:18.077Z,Warranty,[],100,0,35,VID_20200724_000070.mp4,True,True,False,Ara venio creptio soleo tondeo demergo utpote catena despecto canto.,False,"['commercial', 'trunk', 'high-priority']",Charlotte,MO,District 3,E 4th Avenue,CB-43009,CB-75981E,34.3537,100.3905,PP,Polypropylene,48,252.6,73,Arch,1947,0.59,Foggy,Dry,Moderate,Difficult,Lateral Launch Camera,Murray and Sons 2ZI-2639,CAM627,None,None,None,None,4.66,8.0,23.7,57.6,7.2,4.0,35.5,4.3,INS471,Dr. Marilyn Rohan,3,"Senger, Bradtke and Okuneva"
insp_00000071,2020-07-24T05:45:18.077Z,Complaint,[],100,0,36,VID_20200724_000071.mp4,False,True,False,,False,"['trunk', 'interceptor']",San Antonio,MO,District 19,Kohler Villages,IN-64981,IN-3750,-41.8487,-46.9241,DIP,Ductile Iron Pipe,24,201.3,77,Egg,1943,0.52,Clear,Surcharge,None,Easy,Pole Camera,Treutel and Sons 6R4-6673,CAM564,None,Medium,None,None,13.9,7.6,45.5,53.7,8.4,7.5,23.6,0.0,INS552,Edna Armstrong,2,"Heaney, Breitenberg and Erdman"
insp_00000072,2020-07-24T05:58:18.077Z,Routine,[],100,0,20,VID_20200724_000072.mp4,True,False,False,Celer atrox derideo audeo conor arcesso somnus terror trado comis.,False,"['trunk', 'high-priority', 'storm-water']",Phoenix,WY,District 4,Simone Hills,IN-62653W,CB-81147B,59.9342,53.4732,VCP,Vitrified Clay Pipe,15,165.9,10,Circular,2010,1.28,Drizzle,Dry,Heavy,Easy,Zoom Camera,Botsford LLC S0M-4665,CAM940,Medium,None,None,None,3.86,6.7,18.1,51.0,7.9,6.1,83.0,10.8,INS618,Mr. Neil Mohr,2,"Franey, Bartoletti and Schiller"
insp_00000073,2020-07-24T06:24:18.077Z,Warranty,[],100,0,12,VID_20200724_000073.mp4,True,False,False,,False,"['lateral', 'industrial', 'storm-water']",Houston,WI,District 2,Highfield Close,IN-75140E,IN-94178,-34.1514,15.3025,PVC,Polyvinyl Chloride,48,96.7,37,Circular,1983,0.85,Clear,Dry,Moderate,Easy,Laser Profiler,Hagenes Inc 68Q-3492,CAM474,Light,None,None,None,9.8,6.3,12.6,71.6,8.4,5.8,86.3,0.0,INS969,Domingo Runolfsson,4,Koch and Sons
insp_00000074,2020-07-24T07:06:18.077Z,Complaint,"[{'code': 'H', 'description': 'Hole', 'category': 'structural', 'distance_ft': 2, 'clock_start': 7, 'clock_end': 12, 'severity': 1, 'dimensions': {'length_in': None, 'width_in': 1.9, 'depth_in': 1.9}, 'photo_ref': None, 'video_timestamp_sec': 2}]",95,1,39,VID_20200724_000074.mp4,True,False,False,,False,"['lateral', 'industrial', 'residential']",Charlotte,AR,District 8,Third Street,MH-36830E,IN-83548W,1.2341,55.8277,RCP,Reinforced Concrete Pipe,30,191.0,85,Circular,1935,0.64,Drizzle,Normal,Heavy,Difficult,Zoom Camera,Bartell and Sons EVD-3995,CAM544,Medium,None,None,Heavy,10.04,3.7,5.8,57.7,6.5,5.6,15.8,22.1,INS742,Dustin Rodriguez,3,Baumbach Group
insp_00000075,2020-07-24T07:32:18.077Z,Complaint,[],100,0,46,VID_20200724_000075.mp4,True,True,False,Corona tristis spectaculum adicio derideo civis facilis absens temporibus amplus.,False,['interceptor'],Los Angeles,MD,District 18,Manor Drive,CB-49892N,JB-80268B,-18.874,108.1436,PP,Polypropylene,60,312.8,55,Circular,1965,2.48,Snow,High,Heavy,Easy,Push Camera,Ankunding - Wyman VAV-6446,CAM503,None,None,None,None,,,,,,,,,INS568,Salvador Hilll,4,Quigley and Sons
insp_00000076,2020-07-24T07:41:18.077Z,Pre-cleaning,[],100,0,49,VID_20200724_000076.mp4,True,False,False,,True,"['industrial', 'storm-water']",San Francisco,HI,District 1,Rempel Track,JB-38538A,MH-16435N,-78.5446,163.0362,DIP,Ductile Iron Pipe,10,328.2,34,Arch,1986,1.7,Snow,Dry,Moderate,Easy,Sonar Profiler,"Ruecker, Raynor and Kozey OAJ-7738",CAM378,Medium,None,None,Light,4.19,4.7,28.4,70.4,7.3,7.9,54.0,0.0,INS903,Raul Emmerich,4,"Bayer, Fritsch and Vandervort"
insp_00000077,2020-07-24T07:45:18.077Z,Warranty,"[{'code': 'D', 'description': 'Deformed', 'category': 'structural', 'distance_ft': 164, 'clock_start': 12, 'clock_end': 1, 'severity': 4, 'dimensions': {'length_in': 2.5, 'width_in': None, 'depth_in': None}, 'photo_ref': 'IMG_0fe359dc.jpg', 'video_timestamp_sec': 185}, {'code': 'WL', 'description': 'Water Level', 'category': 'construction', 'distance_ft': 200.8, 'clock_start': 4, 'clock_end': 4, 'severity': 1, 'dimensions': {'length_in': None, 'width_in': 8.7, 'depth_in': None}, 'photo_ref': 'IMG_9877ffb6.jpg', 'video_timestamp_sec': 213}]",75,4,37,VID_20200724_000077.mp4,True,False,True,,True,"['main-line', 'interceptor']",Houston,KS,District 14,Langosh Union,CB-13810B,IN-5159B,62.0451,-123.9364,CMP,Corrugated Metal Pipe,42,252.1,46,Arch,1974,1.36,Foggy,Low,Light,Moderate,Push Camera,Wisozk - Littel SXM-3096,CAM798,None,None,Heavy,None,5.59,4.5,17.4,66.7,7.6,3.2,79.0,0.0,INS649,Neil Emmerich,2,"Yost, Olson and Langosh"
insp_00000078,2020-07-24T08:08:18.077Z,Routine,[],100,0,42,VID_20200724_000078.mp4,True,False,False,,True,"['commercial', 'storm-water']",New York,TX,District 16,Waterside,CB-89324S,JB-39711A,50.192,-132.5936,PE,Polyethylene,21,311.8,20,Circular,2000,0.36,Rainy,High,Light,Easy,Push Camera,Durgan Group OMM-4470,CAM643,None,Light,None,None,12.45,7.7,18.0,65.1,7.3,3.1,56.5,8.0,INS847,Alison McCullough IV,3,Municipal Crew
insp_00000079,2020-07-24T08:39:18.077Z,Pre-cleaning,"[{'code': 'B', 'description': 'Broken', 'category': 'structural', 'distance_ft': 11.7, 'clock_start': 3, 'clock_end': 3, 'severity': 2, 'dimensions': {'length_in': None, 'width_in': 0.3, 'depth_in': None}, 'photo_ref': None, 'video_timestamp_sec': 10}, {'code': 'WF', 'description': 'Weld Failure', 'category': 'construction', 'distance_ft': 14.2, 'clock_start': 4, 'clock_end': 4, 'severity': 1, 'dimensions': {'length_in': 7.5, 'width_in': 4.4, 'depth_in': None}, 'photo_ref': 'IMG_c5b51cc5.jpg', 'video_timestamp_sec': 16}, {'code': 'TB', 'description': 'Tap Broken', 'category': 'construction', 'distance_ft': 111.3, 'clock_start': 1, 'clock_end': 1, 'severity': 4, 'dimensions': {'length_in': 13.1, 'width_in': 9.3, 'depth_in': 2.1}, 'photo_ref': 'IMG_699a6607.jpg', 'video_timestamp_sec': 102}]",65,4,37,VID_20200724_000079.mp4,True,False,True,Suppellex corona audeo neque strues caute apostolus adflicto.,True,"['residential', 'storm-water']",Indianapolis,FL,District 14,Norene Crest,JB-71492B,IN-88542B,-33.5752,-148.9756,HDPE,High-Density Polyethylene,18,199.6,83,Arch,1937,1.39,Overcast,High,None,Difficult,Push Camera,Schinner LLC NJ2-2038,CAM957,Light,None,None,None,,,,,,,,,INS790,Sadie Barrows,4,Parisian - Satterfield
insp_00000080,2020-07-24T09:03:18.077Z,Routine,[],100,0,56,VID_20200724_000080.mp4,True,False,False,,True,"['lateral', 'commercial']",San Antonio,MT,District 17,W Main Street,CB-93053,MH-1748A,49.9431,-129.1977,DIP,Ductile Iron Pipe,21,358.2,16,Circular,2004,1.94,Snow,Normal,Moderate,Easy,Zoom Camera,Ebert and Sons MGX-8947,CAM554,Medium,None,None,None,,,,,,,,,INS618,Lowell Klocko,4,Pagac - Russel
insp_00000081,2020-07-24T09:25:18.077Z,Warranty,"[{'code': 'OB', 'description': 'Obstruction', 'category': 'operational', 'distance_ft': 46.2, 'clock_start': 4, 'clock_end': 5, 'severity': 2, 'dimensions': {'length_in': 13.5, 'width_in': None, 'depth_in': None}, 'photo_ref': 'IMG_a984b4a7.jpg', 'video_timestamp_sec': 42}, {'code': 'DE', 'description': 'Deposits Settled', 'category': 'operational', 'distance_ft': 124.2, 'clock_start': 12, 'clock_end': 12, 'severity': 3, 'dimensions': {'length_in': 12.6, 'width_in': None, 'depth_in': None}, 'photo_ref': 'IMG_53fec561.jpg', 'video_timestamp_sec': 121}, {'code': 'TL', 'description': 'Tap Leaking', 'category': 'construction', 'distance_ft': 138.1, 'clock_start': 8, 'clock_end': 8, 'severity': 4, 'dimensions': {'length_in': 3.5, 'width_in': None, 'depth_in': 1.4}, 'photo_ref': 'IMG_c2ddecab.jpg', 'video_timestamp_sec': 120}, {'code': 'DA', 'description': 'Deposits Attached', 'category': 'operational', 'distance_ft': 237.8, 'clock_start': 7, 'clock_end': 7, 'severity': 5, 'dimensions': {'length_in': None, 'width_in': 7, 'depth_in': None}, 'photo_ref': 'IMG_a53e7a18.jpg', 'video_timestamp_sec': 198}]",30,5,74,VID_20200724_000081.mp4,True,True,True,,True,"['commercial', 'storm-water', 'trunk']",Washington,MT,District 7,Hattie Valleys,CB-80742S,IN-65789E,66.8227,73.0084,PP,Polypropylene,48,390.8,77,Circular,1943,0.49,Snow,Low,Light,Difficult,Push Camera,Schneider Inc WP2-9519,CAM873,None,None,None,None,3.35,6.8,43.0,74.9,7.3,3.5,53.4,0.0,INS562,Debra Upton,4,"Jaskolski, Jenkins and Prohaska"
insp_00000082,2020-07-24T10:15:18.077Z,Warranty,"[{'code': 'OS', 'description': 'Offset Joint', 'category': 'structural', 'distance_ft': 51.1, 'clock_start': 12, 'clock_end': 4, 'severity': 1, 'dimensions': {'length_in': 16.9, 'width_in': 5.7, 'depth_in': None}, 'photo_ref': 'IMG_ac251cc4.jpg', 'video_timestamp_sec': 56}, {'code': 'TC', 'description': 'Tap Connection', 'category': 'construction', 'distance_ft': 139.7, 'clock_start': 1, 'clock_end': 1, 'severity': 2, 'dimensions': {'length_in': None, 'width_in': None, 'depth_in': None}, 'photo_ref': 'IMG_cad0eea5.jpg', 'video_timestamp_sec': 146}, {'code': 'CL', 'description': 'Longitudinal Crack', 'category': 'structural', 'distance_ft': 151.5, 'clock_start': 9, 'clock_end': 9, 'severity': 3, 'dimensions': {'length_in': None, 'width_in': 2.7, 'depth_in': None}, 'photo_ref': 'IMG_7ee4b16a.jpg', 'video_timestamp_sec': 128}, {'code': 'DE', 'description': 'Deposits Settled', 'category': 'operational', 'distance_ft': 159.4, 'clock_start': 12, 'clock_end': 12, 'severity': 2, 'dimensions': {'length_in': 17.5, 'width_in': 11.7, 'depth_in': None}, 'photo_ref': 'IMG_f36a1d11.jpg', 'video_timestamp_sec': 158}, {'code': 'DA', 'description': 'Deposits Attached', 'category': 'operational', 'distance_ft': 200.5, 'clock_start': 7, 'clock_end': 9, 'severity': 5, 'dimensions': {'length_in': None, 'width_in': 4.5, 'depth_in': 4.4}, 'photo_ref': 'IMG_7937157f.jpg', 'video_timestamp_sec': 230}]",35,5,30,VID_20200724_000082.mp4,True,True,True,,True,"['high-priority', 'industrial', 'commercial']",Austin,KY,District 9,Billy Port,MH-56309E,CB-30964A,18.6145,35.8176,HDPE,High-Density Polyethylene,18,150.7,90,Circular,1930,1.89,Overcast,Backflow,Heavy,Easy,Laser Profiler,Nikolaus LLC WYD-7514,CAM528,None,None,Light,None,13.07,3.4,4.2,68.5,6.6,6.4,92.0,0.0,INS972,Doreen Marquardt,2,Casper LLC
insp_00000083,2020-07-24T10:32:18.077Z,Pre-cleaning,"[{'code': 'TI', 'description': 'Tap Intruding', 'category': 'construction', 'distance_ft': 158.1, 'clock_start': 12, 'clock_end': 2, 'severity': 5, 'dimensions': {'length_in': None, 'width_in': None, 'depth_in': None}, 'photo_ref': 'IMG_7564d55c.jpg', 'video_timestamp_sec': 158}, {'code': 'OB', 'description': 'Obstruction', 'category': 'operational', 'distance_ft': 199.2, 'clock_start': 1, 'clock_end': 1, 'severity': 1, 'dimensions': {'length_in': 8.5, 'width_in': None, 'depth_in': None}, 'photo_ref': 'IMG_020e07a1.jpg', 'video_timestamp_sec': 225}]",70,5,27,VID_20200724_000083.mp4,True,False,True,,False,['industrial'],Fort Worth,IA,District 15,Pagac Camp,MH-51307E,CB-32789,62.4053,10.7001,PVC,Polyvinyl Chloride,60,159.9,89,Circular,1931,2.33,Overcast,Normal,Moderate,Difficult,Laser Profiler,Schiller Inc 19E-7007,CAM941,None,None,None,None,5.92,4.2,5.3,56.7,7.2,7.7,53.6,0.0,INS734,Erin Grant,4,Municipal Crew
insp_00000084,2020-07-24T11:07:18.077Z,Warranty,[],100,0,54,VID_20200724_000084.mp4,True,False,False,,False,"['storm-water', 'industrial']",Chicago,WA,District 17,Carlie Pass,JB-94818,JB-46169B,60.8186,93.878,CMP,Corrugated Metal Pipe,21,335.5,52,Arch,1968,1.44,Drizzle,Low,Moderate,Easy,Zoom Camera,Schneider and Sons QBF-4974,CAM501,Light,Light,None,Medium,10.9,7.3,41.0,67.6,8.0,3.4,62.1,26.7,INS772,Marvin Cruickshank,2,Municipal Crew
insp_00000085,2020-07-24T11:56:18.077Z,Pre-cleaning,[],100,0,6,VID_20200724_000085.mp4,False,False,False,,False,['storm-water'],San Diego,GA,District 4,Dangelo Greens,MH-24243,MH-44294,18.264,-129.6859,RCP,Reinforced Concrete Pipe,36,61.1,12,Circular,2008,2.05,Foggy,High,None,Difficult,CCTV Crawler,Nader and Sons 3HS-4590,CAM827,None,None,None,None,2.02,6.4,46.1,69.3,7.8,7.8,50.1,0.0,INS567,Marcus Cormier,4,"Weissnat, Wuckert and Davis"
insp_00000086,2020-07-24T12:07:18.077Z,Emergency,[],100,0,21,VID_20200724_000086.mp4,True,True,False,,False,['storm-water'],Indianapolis,MT,District 3,Bradtke Alley,CB-65063S,IN-11889S,-83.395,23.398,DIP,Ductile Iron Pipe,42,95.1,44,Egg,1976,0.12,Snow,Low,Moderate,Easy,Sonar Profiler,Ankunding Inc Q5X-7291,CAM426,Medium,None,None,None,,,,,,,,,INS979,Steven Hilll,4,"Hand, Upton and Feeney"
insp_00000087,2020-07-24T12:42:18.077Z,Emergency,[],100,0,6,VID_20200724_000087.mp4,True,True,False,Careo quam turbo absconditus correptius amo.,True,"['industrial', 'lateral']",Washington,NJ,District 16,Chanelle River,IN-42763W,CB-30065,-57.7251,95.5678,RCP,Reinforced Concrete Pipe,21,73.2,96,Arch,1924,0.79,Foggy,Normal,None,Easy,Zoom Camera,Muller LLC ABN-8258,CAM778,None,None,Medium,Medium,3.02,3.8,41.5,54.9,8.0,5.2,28.0,0.0,INS840,Dr. Randal McClure III,3,Nader Group
insp_00000088,2020-07-24T13:38:18.077Z,Routine,"[{'code': 'OS', 'description': 'Offset Joint', 'category': 'structural', 'distance_ft': 57.2, 'clock_start': 9, 'clock_end': 3, 'severity': 3, 'dimensions': {'length_in': 10.7, 'width_in': 1, 'depth_in': 2.5}, 'photo_ref': None, 'video_timestamp_sec': 60}]",85,3,46,VID_20200724_000088.mp4,True,False,False,,False,"['interceptor', 'industrial', 'storm-water']",Austin,CA,District 3,Benny Streets,CB-37174N,IN-66460,78.5548,-85.0018,PE,Polyethylene,21,266.2,31,Arch,1989,2.25,Clear,Backflow,Moderate,Moderate,Laser Profiler,Toy Inc VMU-8129,CAM936,None,None,None,None,,,,,,,,,INS795,Byron Hudson,3,Municipal Crew
insp_00000089,2020-07-24T13:45:18.077Z,Emergency,"[{'code': 'B', 'description': 'Broken', 'category': 'structural', 'distance_ft': 105.2, 'clock_start': 1, 'clock_end': 1, 'severity': 2, 'dimensions': {'length_in': 7.5, 'width_in': 9.4, 'depth_in': 2.5}, 'photo_ref': 'IMG_fc798f74.jpg', 'video_timestamp_sec': 100}, {'code': 'OB', 'description': 'Obstruction', 'category': 'operational', 'distance_ft': 107.3, 'clock_start': 8, 'clock_end': 8, 'severity': 1, 'dimensions': {'length_in': 15.4, 'width_in': 7.8, 'depth_in': 0.3}, 'photo_ref': None, 'video_timestamp_sec': 108}, {'code': 'FM', 'description': 'Fracture Multiple', 'category': 'structural', 'distance_ft': 209.7, 'clock_start': 10, 'clock_end': 3, 'severity': 2, 'dimensions': {'length_in': None, 'width_in': 9.3, 'depth_in': None}, 'photo_ref': 'IMG_da67c568.jpg', 'video_timestamp_sec': 224}, {'code': 'D', 'description': 'Deformed', 'category': 'structural', 'distance_ft': 289.9, 'clock_start': 5, 'clock_end': 5, 'severity': 4, 'dimensions': {'length_in': None, 'width_in': None, 'depth_in': 4.9}, 'photo_ref': 'IMG_e15ed9ce.jpg', 'video_timestamp_sec': 305}]",55,4,50,VID_20200724_000089.mp4,False,False,True,Ratione inventore baiulus truculenter vacuus theca coaegresco vester.,True,"['trunk', 'residential']",Columbus,ID,District 13,Langosh Unions,JB-34944A,JB-95842S,-19.9018,13.0656,PE,Polyethylene,30,251.6,22,Arch,1998,2.35,Overcast,Surcharge,Heavy,Moderate,Zoom Camera,Wiegand Inc V7F-8130,CAM751,Light,None,Heavy,None,7.71,5.9,15.0,66.5,7.5,3.7,22.1,18.1,INS106,Christopher Boehm,2,"Heller, Cronin and Labadie"
insp_00000090,2020-07-24T14:33:18.077Z,Warranty,"[{'code': 'GR', 'description': 'Grease', 'category': 'operational', 'distance_ft': 125, 'clock_start': 2, 'clock_end': 2, 'severity': 3, 'dimensions': {'length_in': 19.6, 'width_in': None, 'depth_in': 3.1}, 'photo_ref': 'IMG_c0b502b0.jpg', 'video_timestamp_sec': 130}]",85,3,49,VID_20200724_000090.mp4,True,True,False,,False,"['lateral', 'trunk']",New York,CA,District 18,Okuneva Creek,JB-63171S,IN-50378B,23.1326,-136.8134,PE,Polyethylene,10,280.6,40,Egg,1980,1.38,Overcast,Dry,Moderate,Moderate,Pole Camera,"Mitchell, Crist and Kuphal AG1-4828",CAM600,None,None,Heavy,None,1.36,7.4,30.4,65.8,6.8,4.9,99.4,0.0,INS875,Willie Wyman,4,Municipal Crew
insp_00000091,2020-07-24T15:12:18.077Z,Pre-cleaning,"[{'code': 'FM', 'description': 'Fracture Multiple', 'category': 'structural', 'distance_ft': 102.7, 'clock_start': 12, 'clock_end': 12, 'severity': 4, 'dimensions': {'length_in': 12.7, 'width_in': 1.3, 'depth_in': None}, 'photo_ref': 'IMG_00292097.jpg', 'video_timestamp_sec': 104}, {'code': 'WF', 'description': 'Weld Failure', 'category': 'construction', 'distance_ft': 237.6, 'clock_start': 1, 'clock_end': 6, 'severity': 1, 'dimensions': {'length_in': 17, 'width_in': 8.4, 'depth_in': 3.3}, 'photo_ref': 'IMG_5bdf891b.jpg', 'video_timestamp_sec': 210}]",75,4,36,VID_20200724_000091.mp4,True,True,True,Amet cuius tergo.,True,['trunk'],Philadelphia,OR,District 17,Furman Road,JB-11566A,IN-8682W,-55.5793,-22.8116,HDPE,High-Density Polyethylene,15,169.9,55,Circular,1965,2.36,Foggy,Backflow,Moderate,Moderate,Sonar Profiler,"O'Hara, Mante and Keebler ZAJ-7028",CAM544,Light,None,None,None,11.14,6.8,12.6,51.4,7.5,3.3,70.0,0.0,INS296,Nathaniel Schmidt,3,"Mayer, MacGyver and Ritchie"
insp_00000092,2020-07-24T15:52:18.077Z,Routine,"[{'code': 'DE', 'description': 'Deposits Settled', 'category': 'operational', 'distance_ft': 296, 'clock_start': 3, 'clock_end': 3, 'severity': 2, 'dimensions': {'length_in': 7.2, 'width_in': 2.6, 'depth_in': 5.4}, 'photo_ref': 'IMG_bec0ec7a.jpg', 'video_timestamp_sec': 260}]",90,2,49,VID_20200724_000092.mp4,True,True,False,,True,"['high-priority', 'trunk', 'residential']",Phoenix,ID,District 14,Zemlak Square,CB-22516W,CB-69206A,-12.0412,38.542,PVC,Polyvinyl Chloride,42,286.7,51,Circular,1969,0.94,Rainy,Normal,None,Easy,CCTV Crawler,Blick - Olson WXW-9847,CAM844,Light,None,Medium,None,8.86,3.6,13.6,73.7,7.3,7.9,8.3,0.0,INS989,Orlando Douglas I,4,Municipal Crew
insp_00000093,2020-07-24T16:31:18.077Z,Warranty,[],100,0,42,VID_20200724_000093.mp4,False,False,False,,True,"['industrial', 'trunk', 'residential']",Houston,MA,District 18,Justus Burgs,MH-62672S,JB-21549E,35.5463,151.9922,VCP,Vitrified Clay Pipe,72,295.9,86,Arch,1934,2.44,Clear,Normal,None,Difficult,Zoom Camera,Douglas - Nitzsche EXV-7791,CAM739,None,None,None,None,6.55,6.8,46.2,64.5,7.2,3.5,73.3,0.0,INS864,Cora Kris,3,"Rau, Powlowski and Kub"
insp_00000094,2020-07-24T17:23:18.077Z,Pre-cleaning,"[{'code': 'WL', 'description': 'Water Level', 'category': 'construction', 'distance_ft': 21.6, 'clock_start': 5, 'clock_end': 5, 'severity': 2, 'dimensions': {'length_in': 3.9, 'width_in': None, 'depth_in': 3.6}, 'photo_ref': 'IMG_315d9cfc.jpg', 'video_timestamp_sec': 24}, {'code': 'TL', 'description': 'Tap Leaking', 'category': 'construction', 'distance_ft': 90.5, 'clock_start': 9, 'clock_end': 9, 'severity': 3, 'dimensions': {'length_in': 11.4, 'width_in': 4.4, 'depth_in': None}, 'photo_ref': 'IMG_7155f188.jpg', 'video_timestamp_sec': 77}, {'code': 'GR', 'description': 'Grease', 'category': 'operational', 'distance_ft': 239.7, 'clock_start': 9, 'clock_end': 9, 'severity': 2, 'dimensions': {'length_in': None, 'width_in': None, 'depth_in': None}, 'photo_ref': 'IMG_8ebe91b5.jpg', 'video_timestamp_sec': 193}, {'code': 'TL', 'description': 'Tap Leaking', 'category': 'construction', 'distance_ft': 278.1, 'clock_start': 6, 'clock_end': 6, 'severity': 2, 'dimensions': {'length_in': 5.7, 'width_in': None, 'depth_in': None}, 'photo_ref': 'IMG_ebcd0314.jpg', 'video_timestamp_sec': 249}]",55,3,62,VID_20200724_000094.mp4,True,True,False,Voluptates cribro corpus curriculum victoria tabernus stabilis contigo apto.,True,"['main-line', 'interceptor']",Denver,PA,District 17,Pleasant Street,CB-9206W,IN-64725B,87.4606,63.6,PP,Polypropylene,21,342.8,75,Box,1945,2.92,Foggy,High,Heavy,Easy,Lateral Launch Camera,Ortiz - Willms QHW-6075,CAM518,None,Medium,None,None,13.47,2.4,7.0,72.3,6.7,2.1,60.7,33.5,INS807,Maxine Medhurst,4,Reilly - Walsh
insp_00000095,2020-07-24T17:35:18.077Z,Pre-cleaning,[],100,0,27,VID_20200724_000095.mp4,True,True,False,,True,['residential'],San Diego,MT,District 14,McDermott Avenue,MH-61409B,CB-96579B,28.0114,112.7882,RCP,Reinforced Concrete Pipe,54,193.7,4,Arch,2016,1.54,Snow,Dry,Moderate,Easy,CCTV Crawler,Lang - Padberg YBO-8540,CAM248,None,None,None,None,11.67,7.8,28.7,78.8,7.4,3.8,25.0,6.5,INS288,Felipe Considine,4,"Lynch, Jast and Grimes"
insp_00000096,2020-07-24T18:21:18.077Z,Emergency,"[{'code': 'GR', 'description': 'Grease', 'category': 'operational', 'distance_ft': 120.5, 'clock_start': 2, 'clock_end': 2, 'severity': 1, 'dimensions': {'length_in': 20.1, 'width_in': None, 'depth_in': 3.6}, 'photo_ref': 'IMG_e84ba8b7.jpg', 'video_timestamp_sec': 129}]",95,1,21,VID_20200724_000096.mp4,True,True,False,,True,"['interceptor', 'industrial', 'commercial']",Austin,MO,District 1,Dino Lodge,IN-52571E,CB-75298W,-19.3891,-22.3062,CMP,Corrugated Metal Pipe,54,120.4,78,Box,1942,1.91,Overcast,Low,Moderate,Difficult,Zoom Camera,Jakubowski LLC WTN-2870,CAM987,Medium,None,None,Medium,,,,,,,,,INS154,Dr. Jorge Herzog,2,Municipal Crew
insp_00000097,2020-07-24T19:11:18.077Z,Post-cleaning,"[{'code': 'TC', 'description': 'Tap Connection', 'category': 'construction', 'distance_ft': 0.5, 'clock_start': 11, 'clock_end': 4, 'severity': 1, 'dimensions': {'length_in': 8.9, 'width_in': None, 'depth_in': None}, 'photo_ref': 'IMG_439d0e71.jpg', 'video_timestamp_sec': 0}, {'code': 'TI', 'description': 'Tap Intruding', 'category': 'construction', 'distance_ft': 146.4, 'clock_start': 6, 'clock_end': 9, 'severity': 4, 'dimensions': {'length_in': 15, 'width_in': 4.1, 'depth_in': 3.6}, 'photo_ref': 'IMG_cdee313c.jpg', 'video_timestamp_sec': 130}]",75,4,18,VID_20200724_000097.mp4,True,True,True,,True,"['interceptor', 'industrial', 'lateral']",Phoenix,VT,District 12,Hammes Loop,MH-5260,JB-44340,-64.5128,-61.2162,PP,Polypropylene,60,82.0,82,Egg,1938,0.68,Drizzle,Backflow,Heavy,Moderate,Pole Camera,"Champlin, McClure and Schultz MK6-3057",CAM922,None,None,Medium,None,,,,,,,,,INS451,Ivan Jerde,2,Municipal Crew
insp_00000098,2020-07-24T19:49:18.077Z,Warranty,[],100,0,47,VID_20200724_000098.mp4,True,False,False,Summopere concedo alveus video vester.,True,['industrial'],Indianapolis,IN,District 15,Jennie Row,JB-36647,JB-45281B,-59.3749,-43.8032,CMP,Corrugated Metal Pipe,10,303.7,92,Box,1928,2.31,Overcast,Surcharge,Heavy,Difficult,Push Camera,"Wolf, Wilkinson and Williamson BMM-7594",CAM657,Medium,None,None,None,,,,,,,,,INS189,Jeremy Bins Sr.,4,Rowe - Frami
insp_00000099,2020-07-24T20:08:18.077Z,Routine,[],100,0,42,VID_20200724_000099.mp4,False,False,False,Argentum abscido deleo totus illo demens.,False,"['main-line', 'interceptor', 'trunk']",Columbus,AZ,District 1,Brennan Village,IN-70455W,CB-6564S,-68.2872,-44.4797,PE,Polyethylene,72,233.8,5,Egg,2015,1.77,Overcast,High,Moderate,Difficult,Pole Camera,"Hackett, Pouros and Effertz L3V-2119",CAM363,None,Heavy,None,None,,,,,,,,,INS113,Dr. Robert Kemmer,3,Municipal Crew
